"Month";"Total Estimated population (16-74 years)";"Total Labour Force";"Total Inactive";"Total Unemployed";"Total Employed";"Total At work in the reference week";"Total Activity rate";"Total Unemployment rate";"Total Employment rate";"Total Actual hours worked - old time-series";"Total Usual hours worked";"Total Actual hours worked";"Males Estimated population (16-74 years)";"Males Labour Force";"Males Inactive";"Males Unemployed";"Males Employed";"Males At work in the reference week";"Males Activity rate";"Males Unemployment rate";"Males Employment rate";"Males Actual hours worked - old time-series";"Males Usual hours worked";"Males Actual hours worked";"Females Estimated population (16-74 years)";"Females Labour Force";"Females Inactive";"Females Unemployed";"Females Employed";"Females At work in the reference week";"Females Activity rate";"Females Unemployment rate";"Females Employment rate";"Females Actual hours worked - old time-series";"Females Usual hours worked";"Females Actual hours worked";"16-24 years Estimated population (16-74 years)";"16-24 years Labour Force";"16-24 years Inactive";"16-24 years Unemployed";"16-24 years Employed";"16-24 years At work in the reference week";"16-24 years Activity rate";"16-24 years Unemployment rate";"16-24 years Employment rate";"16-24 years Actual hours worked - old time-series";"16-24 years Usual hours worked";"16-24 years Actual hours worked";"25-74 years Estimated population (16-74 years)";"25-74 years Labour Force";"25-74 years Inactive";"25-74 years Unemployed";"25-74 years Employed";"25-74 years At work in the reference week";"25-74 years Activity rate";"25-74 years Unemployment rate";"25-74 years Employment rate";"25-74 years Actual hours worked - old time-series";"25-74 years Usual hours worked";"25-74 years Actual hours worked"
"2003M01";196600;154300;42300;7900;146300;140000;78.5;5.1;74.4;38.3;40.2;..;98900;81500;17400;4800;76600;73600;82.4;5.9;77.5;43.2;46.0;..;97700;72800;24900;3100;69700;66400;74.5;4.3;71.3;32.8;33.8;..;36600;23600;13000;2700;20900;20800;64.5;11.4;57.1;28.5;28.4;..;160000;130700;29300;5200;125400;119200;81.7;4.0;78.4;40.0;42.1;..
"2003M02";196600;153900;42800;6200;147700;136700;78.3;4.0;75.1;42.8;40.8;..;98900;81300;17700;4000;77300;72900;82.2;4.9;78.2;48.4;46.5;..;97700;72600;25100;2200;70400;63800;74.3;3.0;72.1;36.4;34.4;..;36600;23600;13100;2800;20800;18900;64.5;11.9;56.8;30.4;28.4;..;160000;130300;29700;3400;126900;117800;81.4;2.6;79.3;44.8;42.8;..
"2003M03";196600;155300;41400;4600;150700;144300;79.0;3.0;76.7;42.2;41.3;..;98900;82100;16900;2800;79300;76500;83.0;3.4;80.2;47.9;47.1;..;97700;73200;24500;1800;71400;67800;74.9;2.5;73.1;35.8;35.0;..;36600;23800;12900;1000;22800;22000;65.0;4.2;62.3;34.5;32.8;..;160000;131500;28500;3600;127900;122300;82.2;2.7;79.9;43.6;42.9;..
"2003M04";197100;156900;40300;4200;152300;143300;79.6;2.7;77.3;38.8;41.4;..;99200;82900;16300;2200;80500;76700;83.6;2.7;81.1;43.7;46.8;..;97900;74000;24000;2000;71800;66600;75.6;2.7;73.3;33.2;35.4;..;36700;23300;13500;2200;20900;20000;63.5;9.4;56.9;29.3;30.0;..;160400;133600;26800;2000;131400;123300;83.3;1.5;81.9;40.4;43.3;..
"2003M05";197100;162800;34400;10300;152500;144400;82.6;6.3;77.4;43.3;42.4;..;99200;87800;11400;5600;82200;78300;88.5;6.4;82.9;48.4;47.5;..;97900;75000;23000;4700;70300;66100;76.6;6.3;71.8;37.3;36.3;..;36700;29700;7100;5900;23800;21700;80.9;19.9;64.9;35.8;36.1;..;160400;133100;27300;4400;128700;122700;83.0;3.3;80.2;44.7;43.5;..
"2003M06";197100;169600;27500;5000;164400;140200;86.0;2.9;83.4;43.5;43.9;..;99200;89600;9600;2500;87000;75600;90.3;2.8;87.7;48.4;49.4;..;97900;80000;17900;2500;77400;64600;81.7;3.1;79.1;37.9;37.6;..;36700;35100;1600;2400;32700;30800;95.6;6.8;89.1;42.8;42.6;..;160400;134500;25900;2600;131700;109400;83.9;1.9;82.1;43.7;44.2;..
"2003M07";197700;169200;28300;4500;164800;120100;85.6;2.7;83.4;44.3;43.4;..;99500;88200;11300;2800;85400;66200;88.6;3.2;85.8;48.3;48.8;..;98200;81000;17000;1700;79400;53900;82.5;2.1;80.9;39.3;37.5;..;36700;33900;2700;1200;32700;30000;92.4;3.5;89.1;44.0;42.5;..;161000;135300;25600;3300;132100;90100;84.0;2.4;82.0;44.3;43.6;..
"2003M08";197700;162600;35100;5800;156700;133500;82.2;3.6;79.3;42.2;42.9;..;99500;86900;12600;3000;83800;73300;87.3;3.5;84.2;46.1;48.2;..;98200;75700;22500;2800;72900;60200;77.1;3.7;74.2;37.3;36.8;..;36700;29700;7000;1400;28300;27100;80.9;4.7;77.1;39.7;40.0;..;161000;132900;28100;4400;128400;106400;82.5;3.3;79.8;42.8;43.5;..
"2003M09";197700;159100;38600;4000;155100;145300;80.5;2.5;78.5;42.6;40.8;..;99500;82500;17000;2500;80100;76400;82.9;3.0;80.5;48.2;46.5;..;98200;76600;21600;1500;75000;68900;78.0;2.0;76.4;36.4;34.7;..;36700;24600;12100;1800;22800;20800;67.0;7.3;62.1;31.4;30.7;..;161000;134500;26500;2200;132300;124500;83.5;1.6;82.2;44.5;42.5;..
"2003M10";197900;154300;43600;4200;150100;142400;78.0;2.7;75.8;43.0;41.5;..;99600;81300;18400;1900;79400;76700;81.6;2.3;79.7;49.2;47.5;..;98300;73000;25200;2300;70700;65700;74.3;3.2;71.9;35.7;34.9;..;36500;21800;14800;1700;20100;19500;59.7;7.8;55.1;31.7;31.1;..;161400;132500;28800;2500;130000;122900;82.1;1.9;80.5;44.8;43.1;..
"2003M11";197900;153700;44200;4600;149100;140300;77.7;3.0;75.3;42.4;41.1;..;99600;79600;20000;2700;77000;72600;79.9;3.4;77.3;48.3;47.1;..;98300;74100;24200;1900;72100;67700;75.4;2.6;73.3;36.1;34.7;..;36500;23600;13000;2400;21100;18900;64.7;10.2;57.8;30.1;28.9;..;161400;130100;31200;2200;128000;121400;80.6;1.7;79.3;44.4;43.1;..
"2003M12";197900;157200;40700;5900;151200;136300;79.4;3.8;76.4;38.9;40.6;..;99600;84400;15200;3600;80700;74600;84.7;4.3;81.0;43.1;45.5;..;98300;72800;25500;2300;70500;61700;74.1;3.2;71.7;33.8;35.1;..;36500;25700;10800;2300;23400;19600;70.4;8.9;64.1;31.9;32.2;..;161400;131500;29900;3600;127800;116700;81.5;2.7;79.2;40.1;42.2;..
"2004M01";198400;151500;46900;5100;146500;133300;76.4;3.4;73.8;39.7;40.8;..;99900;80000;19900;3000;77100;71400;80.1;3.8;77.2;44.4;46.3;..;98500;71500;27000;2100;69400;61900;72.6;2.9;70.5;34.2;34.6;..;36600;22400;14100;2400;20000;18500;61.2;10.7;54.6;31.9;31.5;..;161800;129100;32800;2700;126500;114800;79.8;2.1;78.2;40.9;42.2;..
"2004M02";198400;158600;39800;4400;154100;143000;79.9;2.8;77.7;41.6;40.0;..;99900;81000;18900;2100;78900;73500;81.1;2.6;79.0;47.0;45.3;..;98500;77600;20900;2300;75200;69500;78.8;3.0;76.3;35.9;34.3;..;36600;23900;12700;1600;22200;20600;65.3;6.7;60.7;31.1;29.3;..;161800;134700;27100;2800;131900;122400;83.3;2.1;81.5;43.3;41.8;..
"2004M03";198400;153100;45200;6700;146400;138600;77.2;4.4;73.8;42.2;40.3;..;99900;82700;17200;4900;77800;74800;82.8;5.9;77.9;46.8;44.9;..;98500;70400;28000;1800;68600;63800;71.5;2.6;69.6;36.7;35.1;..;36600;21700;14800;2300;19400;18200;59.3;10.6;53.0;32.0;31.1;..;161800;131400;30400;4400;127000;120400;81.2;3.3;78.5;43.7;41.7;..
"2004M04";199100;153200;45800;5300;148000;138800;76.9;3.5;74.3;39.1;40.9;..;100300;81900;18400;3400;78400;75100;81.7;4.2;78.2;44.3;46.7;..;98800;71300;27400;1900;69600;63700;72.2;2.7;70.4;32.9;34.3;..;36600;24200;12300;2800;21500;19700;66.1;11.6;58.7;31.4;29.7;..;162500;129000;33500;2500;126500;119100;79.4;1.9;77.8;40.4;42.8;..
"2004M05";199100;166600;32400;11600;155100;144600;83.7;7.0;77.9;43.7;41.8;..;100300;88800;11500;8400;80400;76600;88.5;9.5;80.2;49.2;46.8;..;98800;77800;20900;3200;74700;68000;78.7;4.1;75.6;37.4;36.4;..;36600;29600;6900;6400;23200;21000;80.9;21.6;63.4;38.2;37.5;..;162500;137000;25500;5200;131900;123600;84.3;3.8;81.2;44.6;42.5;..
"2004M06";199100;168200;30900;5000;163200;146000;84.5;3.0;82.0;44.5;43.4;..;100300;90300;10000;3300;87000;79600;90.0;3.7;86.7;49.6;48.7;..;98800;77900;20900;1700;76200;66400;78.8;2.2;77.1;38.4;37.4;..;36600;34600;2000;2300;32300;29700;94.5;6.6;88.3;44.6;42.6;..;162500;133600;28900;2700;130900;116300;82.2;2.0;80.6;44.5;43.6;..
"2004M07";200300;165600;34800;4300;161300;127600;82.7;2.6;80.5;45.2;43.7;..;101200;90300;10900;1600;88700;73800;89.2;1.8;87.6;49.0;48.7;..;99100;75300;23900;2700;72600;53800;76.0;3.6;73.3;40.0;37.5;..;36700;34300;2500;600;33700;30300;93.5;1.7;91.8;46.7;42.0;..;163600;131300;32300;3700;127600;97300;80.3;2.8;78.0;44.7;44.1;..
"2004M08";200300;163600;36600;5500;158200;132600;81.7;3.4;79.0;44.2;42.8;..;101200;86600;14500;2400;84200;72600;85.6;2.8;83.2;48.7;47.7;..;99100;77000;22100;3100;74000;60000;77.7;4.0;74.7;38.9;37.2;..;36700;29500;7200;1900;27600;23500;80.4;6.4;75.2;41.9;40.4;..;163600;134100;29400;3600;130600;109100;82.0;2.7;79.8;44.8;43.3;..
"2004M09";200300;154600;45800;4400;150200;138900;77.2;2.8;75.0;42.6;41.3;..;101200;82100;19100;1700;80400;76600;81.1;2.1;79.4;49.3;48.0;..;99100;72500;26700;2700;69800;62300;73.2;3.7;70.4;34.4;33.5;..;36700;22600;14300;2000;20600;18800;61.6;8.8;56.1;29.1;28.7;..;163600;132000;31500;2400;129600;120100;80.7;1.8;79.2;44.8;43.3;..
"2004M10";200600;155700;45200;4100;151600;139300;77.6;2.6;75.6;42.4;41.3;..;101400;81900;19700;1600;80300;75700;80.8;2.0;79.2;48.4;47.5;..;99200;73800;25500;2500;71300;63600;74.4;3.4;71.9;35.2;34.3;..;36600;23500;13200;1500;22000;20700;64.2;6.4;60.1;32.2;31.7;..;164000;132200;32000;2600;129600;118600;80.6;2.0;79.0;44.1;42.9;..
"2004M11";200600;153900;46800;4300;149600;140100;76.7;2.8;74.6;42.3;40.6;..;101400;82500;19000;1800;80600;78000;81.4;2.2;79.5;47.9;46.5;..;99200;71400;27800;2500;69000;62100;72.0;3.5;69.6;35.4;33.7;..;36600;23100;13600;2000;21000;19800;63.1;8.7;57.4;33.3;31.3;..;164000;130800;33200;2300;128600;120300;79.8;1.8;78.4;43.8;42.1;..
"2004M12";200600;161000;39600;4400;156700;139300;80.3;2.7;78.1;40.1;41.2;..;101400;87200;14200;2400;84800;77700;86.0;2.8;83.6;45.3;47.0;..;99200;73800;25400;2000;71900;61600;74.4;2.7;72.5;33.6;34.3;..;36600;24600;12000;1700;23000;20200;67.2;6.9;62.8;34.0;33.0;..;164000;136400;27600;2700;133700;119100;83.2;2.0;81.5;41.2;42.6;..
"2005M01";201100;156900;44300;6300;150600;139400;78.0;4.0;74.9;40.4;40.1;..;101600;81700;19900;4300;77400;71800;80.4;5.3;76.2;46.6;46.9;..;99500;75200;24400;2000;73200;67600;75.6;2.7;73.6;33.7;32.9;..;36700;26400;10400;3600;22800;20600;71.9;13.6;62.1;29.7;29.3;..;164400;130500;33900;2700;127800;118800;79.4;2.1;77.7;42.2;42.0;..
"2005M02";201100;155000;46200;4600;150300;140500;77.1;3.0;74.7;41.6;40.7;..;101600;82700;19000;2000;80600;76800;81.4;2.4;79.3;47.2;46.9;..;99500;72300;27200;2600;69700;63700;72.7;3.6;70.1;34.9;33.5;..;36700;22800;13900;1500;21200;20000;62.1;6.6;57.8;31.4;28.5;..;164400;132200;32300;3100;129100;120500;80.4;2.3;78.5;43.3;42.7;..
"2005M03";201100;160900;40300;4600;156300;142600;80.0;2.9;77.7;40.3;40.7;..;101600;83800;17900;2700;81100;76000;82.5;3.2;79.8;46.5;47.1;..;99500;77100;22400;1900;75200;66600;77.5;2.5;75.6;33.3;33.8;..;36700;24400;12300;2200;22200;20300;66.5;9.0;60.5;28.7;27.7;..;164400;136500;28000;2400;134100;122300;83.0;1.8;81.6;42.3;42.8;..
"2005M04";202200;161800;40300;4800;157100;147500;80.0;3.0;77.7;41.4;41.2;..;102200;86900;15200;2900;84100;79300;85.0;3.3;82.3;47.6;47.2;..;100000;74900;25100;1900;73000;68200;74.9;2.5;73.0;34.2;34.2;..;36800;26000;10700;2600;23500;21400;70.7;10.0;63.9;30.5;30.7;..;165400;135800;29600;2200;133600;126100;82.1;1.6;80.8;43.2;43.0;..
"2005M05";202200;163700;38400;7100;156500;145300;81.0;4.3;77.4;43.4;42.8;..;102200;86200;16000;4000;82100;77600;84.3;4.6;80.3;49.0;49.0;..;100000;77500;22400;3100;74400;67700;77.5;4.0;74.4;37.0;35.9;..;36800;29900;6800;4500;25400;23000;81.2;15.1;69.0;38.6;37.7;..;165400;133800;31600;2600;131100;122300;80.9;1.9;79.3;44.3;43.8;..
"2005M06";202200;171200;30800;4200;167100;146900;84.7;2.5;82.6;44.3;43.6;..;102200;92300;9800;1400;91000;82300;90.3;1.5;89.0;49.5;48.7;..;100000;78900;21000;2800;76100;64600;78.9;3.5;76.1;37.6;37.5;..;36800;34800;1900;1300;33500;30900;94.6;3.7;91.0;44.8;43.3;..;165400;136400;28900;2900;133600;116000;82.5;2.1;80.8;44.1;43.7;..
"2005M07";203200;171000;32100;2700;168200;130100;84.2;1.6;82.8;45.3;44.0;..;102800;94900;7900;700;94100;79400;92.3;0.7;91.5;48.6;49.1;..;100400;76100;24200;2000;74100;50700;75.8;2.6;73.8;40.1;37.4;..;36800;34300;2400;600;33700;31300;93.2;1.7;91.6;46.4;43.9;..;166400;136700;29700;2100;134500;98800;82.2;1.5;80.8;44.9;44.0;..
"2005M08";203200;167900;35200;4500;163400;126800;82.6;2.7;80.4;43.7;43.4;..;102800;88000;14800;1800;86100;71600;85.6;2.0;83.8;48.2;48.9;..;100400;79900;20400;2700;77300;55200;79.6;3.4;77.0;37.9;37.4;..;36800;30200;6500;1500;28700;25500;82.1;5.0;78.0;41.7;41.3;..;166400;137700;28700;3000;134700;101300;82.8;2.2;80.9;44.2;43.9;..
"2005M09";203200;160800;42300;2600;158200;143700;79.1;1.6;77.9;43.3;41.7;..;102800;87000;15800;1100;85900;78300;84.6;1.3;83.6;49.2;48.0;..;100400;73800;26500;1500;72300;65400;73.5;2.0;72.0;36.2;34.3;..;36800;25000;11700;1100;23900;21600;67.9;4.4;64.9;31.9;30.4;..;166400;135800;30600;1500;134300;122100;81.6;1.1;80.7;45.3;43.8;..
"2005M10";204200;164100;39900;5700;158500;148300;80.4;3.5;77.6;42.3;40.4;..;103500;87900;15600;2800;85100;80700;84.9;3.2;82.2;48.4;46.4;..;100700;76200;24300;2900;73400;67600;75.7;3.8;72.9;35.0;33.4;..;36800;26700;10000;2500;24300;21900;72.6;9.4;66.0;31.8;28.7;..;167400;137400;29900;3200;134200;126400;82.1;2.3;80.2;44.1;42.5;..
"2005M11";204200;164500;39500;5900;158600;146800;80.6;3.6;77.7;43.7;41.0;..;103500;87500;15900;4400;83100;78100;84.5;5.0;80.3;50.1;46.5;..;100700;77000;23600;1500;75500;68700;76.5;1.9;75.0;36.5;35.0;..;36800;27000;9700;3200;23800;21600;73.4;11.9;64.7;31.0;29.1;..;167400;137500;29800;2700;134800;125200;82.1;2.0;80.5;45.9;43.2;..
"2005M12";204200;161800;42300;3000;158900;142900;79.2;1.9;77.8;39.5;39.9;..;103500;85500;18000;1700;83800;76500;82.6;2.0;81.0;44.5;45.9;..;100700;76300;24300;1300;75100;66400;75.8;1.7;74.6;33.7;33.1;..;36800;25900;10900;1400;24600;21500;70.4;5.4;66.8;33.8;29.1;..;167400;135900;31400;1600;134300;121400;81.2;1.2;80.2;40.5;41.8;..
"2006M01";206600;164500;42100;3500;160900;147100;79.6;2.1;77.9;40.0;39.7;..;105200;88600;16600;2300;86300;81100;84.2;2.6;82.0;44.2;44.7;..;101400;75900;25500;1200;74600;66000;74.9;1.6;73.6;34.8;34.0;..;37300;25000;12300;1900;23000;20300;67.0;7.6;61.7;28.1;27.9;..;169300;139500;29800;1600;137900;126800;82.4;1.1;81.5;41.9;41.7;..
"2006M02";206600;165000;41500;4300;160800;149200;79.9;2.6;77.8;41.8;40.9;..;105200;87600;17500;2000;85700;80900;83.3;2.3;81.5;47.6;46.8;..;101400;77400;24000;2300;75100;68300;76.3;3.0;74.1;34.9;34.1;..;37300;26700;10500;1900;24800;23900;71.6;7.1;66.5;29.8;30.1;..;169300;138300;31000;2400;136000;125300;81.7;1.7;80.3;44.1;42.8;..
"2006M03";206600;163200;43400;4400;158900;146200;79.0;2.7;76.9;41.8;40.9;..;105200;86100;19100;2000;84200;77200;81.8;2.3;80.0;47.3;47.2;..;101400;77100;24300;2400;74700;69000;76.0;3.1;73.7;35.5;33.7;..;37300;25600;11700;2100;23500;21100;68.6;8.2;63.0;29.6;28.5;..;169300;137600;31700;2300;135400;125100;81.3;1.7;80.0;43.8;43.0;..
"2006M04";208700;168800;39900;6700;162200;142600;80.9;4.0;77.7;37.3;41.0;..;106700;91300;15400;3700;87600;79500;85.6;4.1;82.1;41.1;46.5;..;102000;77500;24500;3000;74600;63100;76.0;3.9;73.1;32.5;34.6;..;37500;27700;9800;3500;24200;21900;73.9;12.6;64.5;28.1;29.4;..;171200;141100;30100;3200;138000;120700;82.4;2.3;80.6;39.0;43.0;..
"2006M05";208700;175500;33300;11200;164300;152200;84.1;6.4;78.7;43.0;42.0;..;106700;94900;11900;6400;88500;83700;88.9;6.7;82.9;48.5;47.8;..;102000;80600;21400;4800;75800;68500;79.0;6.0;74.3;36.3;35.2;..;37500;34400;3100;7900;26400;24400;91.7;23.0;70.4;36.0;35.6;..;171200;141100;30200;3300;137900;127800;82.4;2.3;80.5;44.4;43.2;..
"2006M06";208700;178700;30000;5800;173100;149300;85.6;3.2;82.9;45.3;44.3;..;106700;97900;8800;2600;95400;84600;91.8;2.7;89.4;51.2;49.3;..;102000;80800;21200;3200;77700;64700;79.2;4.0;76.2;37.6;38.1;..;37500;35100;2400;2600;32700;29800;93.6;7.4;87.2;44.8;44.2;..;171200;143600;27600;3200;140400;119500;83.9;2.2;82.0;45.5;44.3;..
"2006M07";210600;178700;31900;4500;174200;128600;84.9;2.5;82.7;45.3;44.2;..;108100;98900;9200;2500;96400;75300;91.5;2.5;89.2;48.2;49.2;..;102500;79800;22700;2000;77800;53300;77.9;2.5;75.9;41.1;38.0;..;37800;35000;2800;1700;33300;29400;92.6;4.9;88.1;46.8;44.9;..;172800;143700;29100;2800;140900;99200;83.2;1.9;81.5;44.8;44.0;..
"2006M08";210600;175400;35500;5000;170400;141500;83.3;2.9;80.9;43.3;43.6;..;108100;95500;12700;1400;94100;81500;88.3;1.5;87.0;47.6;48.4;..;102500;79900;22800;3600;76300;60000;78.0;4.5;74.4;37.5;37.6;..;37800;31000;6900;1700;29300;25100;82.0;5.5;77.5;38.6;38.6;..;172800;144400;28600;3300;141100;116400;83.6;2.3;81.7;44.3;44.6;..
"2006M09";210600;168400;42400;5800;162600;150500;80.0;3.4;77.2;44.1;41.9;..;108100;90100;18100;3200;86900;82500;83.3;3.6;80.4;50.0;48.2;..;102500;78300;24300;2600;75700;68000;76.4;3.3;73.9;37.0;34.7;..;37800;27100;10700;2100;25000;22800;71.7;7.7;66.1;37.6;34.6;..;172800;141300;31700;3700;137600;127700;81.8;2.6;79.6;45.3;43.2;..
"2006M10";211800;174200;37500;5200;169100;160100;82.2;3.0;79.8;42.7;41.2;..;108900;94700;14200;2900;91900;87800;87.0;3.1;84.4;49.1;48.1;..;102900;79500;23300;2300;77200;72300;77.3;2.9;75.0;35.0;33.1;..;37900;29500;8400;2200;27300;26300;77.8;7.5;72.0;29.1;27.8;..;173900;144700;29100;3000;141800;133800;83.2;2.1;81.5;45.4;43.8;..
"2006M11";211800;170000;41800;4500;165500;152500;80.3;2.6;78.1;43.7;41.5;..;108900;94100;14800;2700;91400;86200;86.4;2.9;83.9;48.7;46.6;..;102900;75900;27000;1800;74100;66300;73.8;2.4;72.0;37.2;35.2;..;37900;25900;12000;2000;23900;21000;68.3;7.7;63.1;30.4;28.8;..;173900;144100;29800;2500;141600;131500;82.9;1.7;81.4;45.8;43.7;..
"2006M12";211800;167900;43900;5100;162600;139600;79.3;3.0;76.8;39.6;41.3;..;108900;91200;17700;2500;88700;75800;83.7;2.7;81.5;45.8;47.0;..;102900;76700;26200;2600;73900;63800;74.5;3.4;71.8;32.1;34.5;..;37900;28600;9300;2500;26000;22200;75.5;8.7;68.6;34.8;33.0;..;173900;139300;34600;2600;136600;117400;80.1;1.9;78.6;40.4;42.9;..
"2007M01";213800;174600;39200;3700;170800;155900;81.7;2.1;79.9;39.0;39.9;..;110200;94300;15900;1800;92500;85000;85.6;1.9;83.9;43.8;45.8;..;103600;80300;23300;1900;78300;70900;77.5;2.4;75.6;33.4;33.0;..;38300;28500;9800;2300;26100;23500;74.4;8.1;68.1;27.5;26.7;..;175500;146100;29400;1400;144700;132400;83.2;1.0;82.5;41.1;42.3;..
"2007M02";213800;172300;41600;2400;169900;157700;80.6;1.4;79.5;43.0;41.7;..;110200;94600;15700;1500;93100;87800;85.8;1.6;84.5;49.0;47.8;..;103600;77700;25900;900;76800;69900;75.0;1.2;74.1;35.5;34.2;..;38300;26800;11500;1500;25300;21600;70.0;5.6;66.1;31.6;28.9;..;175500;145500;30100;900;144600;136100;82.9;0.6;82.4;44.8;43.9;..
"2007M03";213800;169400;44300;4700;164900;152900;79.2;2.8;77.1;42.6;40.8;..;110200;91700;18500;2700;89200;84500;83.2;2.9;80.9;48.4;46.6;..;103600;77700;25800;2000;75700;68400;75.0;2.6;73.1;35.5;34.1;..;38300;28100;10100;2300;25900;23300;73.4;8.2;67.6;30.5;28.9;..;175500;141300;34200;2400;139000;129600;80.5;1.7;79.2;44.8;43.1;..
"2007M04";215600;174500;41100;5800;168900;156100;80.9;3.3;78.3;37.5;40.6;..;111500;94900;16600;3300;91700;84400;85.1;3.5;82.2;42.3;46.1;..;104100;79600;24500;2500;77200;71700;76.5;3.1;74.2;31.8;34.0;..;38600;26300;12200;2400;24000;22500;68.1;9.1;62.2;27.4;29.5;..;177000;148200;28900;3400;144900;133600;83.7;2.3;81.9;39.2;42.4;..
"2007M05";215600;181300;34300;9200;172200;155500;84.1;5.1;79.9;43.6;42.8;..;111500;98300;13200;5900;92400;85400;88.2;6.0;82.9;49.6;48.4;..;104100;83000;21100;3300;79800;70100;79.7;4.0;76.7;36.3;36.4;..;38600;35300;3300;6500;28800;24900;91.5;18.4;74.6;41.1;40.0;..;177000;146000;31000;2700;143400;130600;82.5;1.8;81.0;44.0;43.4;..
"2007M06";215600;184200;31500;3200;181000;154100;85.4;1.7;84.0;44.8;43.9;..;111500;101300;10300;1400;99900;86700;90.9;1.4;89.6;49.7;48.7;..;104100;82900;21200;1800;81100;67400;79.6;2.2;77.9;38.4;38.0;..;38600;35800;2800;1200;34600;31600;92.7;3.4;89.6;45.3;43.5;..;177000;148400;28700;2000;146400;122500;83.8;1.3;82.7;44.6;44.0;..
"2007M07";217100;187100;30100;3800;183400;135500;86.2;2.0;84.5;45.4;43.5;..;112300;103000;9400;1400;101700;80900;91.7;1.4;90.6;49.5;48.8;..;104800;84100;20700;2400;81700;54600;80.2;2.9;78.0;39.2;37.0;..;38900;36800;2100;1500;35300;31000;94.6;4.1;90.7;46.8;42.9;..;178200;150300;28000;2300;148100;104500;84.3;1.5;83.1;45.0;43.7;..
"2007M08";217100;177500;39700;5300;172100;136000;81.8;3.0;79.3;43.2;42.9;..;112300;95100;17200;2300;92800;76200;84.7;2.4;82.6;47.8;48.1;..;104800;82400;22500;3000;79300;59800;78.6;3.6;75.7;37.5;36.9;..;38900;31700;7200;2500;29200;25700;81.5;7.9;75.1;40.5;41.1;..;178200;145800;32500;2800;142900;110300;81.8;1.9;80.2;43.9;43.3;..
"2007M09";217100;176000;41400;3300;172700;158300;81.1;1.9;79.5;41.4;40.7;..;112300;96400;16100;1500;94900;87500;85.8;1.6;84.5;46.2;46.3;..;104800;79600;25300;1800;77800;70800;76.0;2.3;74.2;35.3;33.8;..;38900;27600;11400;1400;26200;24600;71.0;5.1;67.4;34.8;32.0;..;178200;148400;30000;1900;146500;133700;83.3;1.3;82.2;42.6;42.3;..
"2007M10";218200;173200;45200;4400;168800;158200;79.4;2.5;77.4;41.7;40.8;..;113000;96100;17100;2400;93700;88700;85.0;2.5;82.9;46.8;45.9;..;105200;77100;28100;2000;75100;69500;73.3;2.6;71.4;35.2;34.4;..;38900;28200;10800;1900;26300;24900;72.5;6.7;67.6;26.9;26.8;..;179300;145000;34400;2500;142500;133300;80.9;1.7;79.5;44.5;43.4;..
"2007M11";218200;177200;41000;2600;174600;164700;81.2;1.5;80.0;42.5;41.4;..;113000;95600;17400;1800;93800;90300;84.6;1.9;83.0;47.1;46.6;..;105200;81600;23600;800;80800;74400;77.6;1.0;76.8;36.8;35.2;..;38900;28600;10300;1700;26900;25700;73.5;5.9;69.2;31.9;30.8;..;179300;148600;30700;900;147700;139000;82.9;0.6;82.4;44.4;43.3;..
"2007M12";218200;175000;43400;4500;170600;144000;80.2;2.6;78.2;38.0;40.6;..;113000;99000;14200;2400;96600;82300;87.6;2.4;85.5;42.3;45.1;..;105200;76000;29200;2100;74000;61700;72.2;2.8;70.3;32.4;34.7;..;38900;29600;9300;2100;27600;21800;76.1;7.1;71.0;35.0;34.0;..;179300;145400;34100;2400;143000;122200;81.1;1.7;79.8;38.6;41.9;..
"2008M01";218400;171400;47100;5800;165300;151700;78.5;3.4;75.7;40.3;40.9;..;112600;94200;18500;3900;90200;84200;83.7;4.1;80.1;44.7;46.1;..;105800;77200;28600;1900;75100;67500;73.0;2.5;71.0;34.9;34.8;..;39200;27100;12100;2200;24800;21700;69.1;8.1;63.3;30.0;27.9;..;179200;144300;35000;3600;140500;130000;80.5;2.5;78.4;42.1;43.2;..
"2008M02";218400;175800;42500;4100;171900;159200;80.5;2.3;78.7;43.1;41.4;..;112600;94900;17700;2600;92300;86600;84.3;2.7;82.0;48.3;46.2;..;105800;80900;24800;1500;79600;72600;76.5;1.9;75.2;36.9;35.8;..;39200;27000;12100;2300;24800;22500;68.9;8.5;63.3;30.1;29.6;..;179200;148800;30400;1800;147100;136700;83.0;1.2;82.1;45.2;43.4;..
"2008M03";218400;171400;46900;3200;168100;154400;78.5;1.9;77.0;38.8;41.0;..;112600;94400;18100;1200;93200;87500;83.8;1.3;82.8;43.4;45.9;..;105800;77000;28800;2000;74900;66900;72.8;2.6;70.8;32.9;34.9;..;39200;30300;8800;1600;28700;25800;77.3;5.3;73.2;28.5;29.7;..;179200;141100;38100;1600;139400;128600;78.7;1.1;77.8;40.9;43.3;..
"2008M04";220900;173600;47400;5000;168700;156200;78.6;2.9;76.4;41.9;41.0;..;114200;98400;15800;3400;95100;89700;86.2;3.5;83.3;47.0;46.2;..;106700;75200;31600;1600;73600;66500;70.5;2.1;69.0;35.1;34.3;..;39700;27100;12700;2900;24100;22100;68.3;10.7;60.7;28.9;28.4;..;181200;146500;34700;2100;144600;134100;80.8;1.4;79.8;44.1;43.1;..
"2008M05";220900;186600;34400;8300;178300;164800;84.5;4.4;80.7;42.5;42.0;..;114200;99900;14300;4800;95100;89500;87.5;4.8;83.3;47.7;47.2;..;106700;86700;20100;3500;83200;75300;81.3;4.0;78.0;36.2;36.2;..;39700;36100;3600;5600;30500;27900;90.9;15.5;76.8;35.5;36.9;..;181200;150500;30800;2700;147800;136900;83.1;1.8;81.6;43.9;43.1;..
"2008M06";220900;187600;33400;4200;183600;155700;84.9;2.2;83.1;44.1;43.6;..;114200;103800;10400;1900;102000;92300;90.9;1.8;89.3;47.7;47.9;..;106700;83800;23000;2300;81600;63400;78.5;2.7;76.5;38.7;38.2;..;39700;36400;3400;2500;33900;29600;91.7;6.9;85.4;42.4;42.7;..;181200;151200;30000;1700;149700;126100;83.4;1.1;82.6;44.5;43.8;..
"2008M07";223700;189500;34300;5800;183500;135700;84.7;3.1;82.0;45.2;43.8;..;116000;105000;11000;3600;101300;80000;90.5;3.4;87.3;49.4;48.6;..;107700;84500;23300;2200;82200;55700;78.5;2.6;76.3;39.2;38.0;..;40200;37700;2600;1500;36000;30600;93.8;4.0;89.6;44.2;43.6;..;183500;151800;31700;4300;147500;105100;82.7;2.8;80.4;45.5;43.9;..
"2008M08";223700;183500;40200;5000;178700;148300;82.0;2.7;79.9;43.4;42.8;..;116000;98700;17200;1900;97000;83200;85.1;1.9;83.6;47.8;47.1;..;107700;84800;23000;3100;81700;65100;78.7;3.7;75.9;37.9;37.7;..;40200;32800;7500;1400;31500;27600;81.6;4.3;78.4;41.9;41.1;..;183500;150700;32700;3600;147200;120700;82.1;2.4;80.2;43.8;43.2;..
"2008M09";223700;179600;44100;5600;174100;161800;80.3;3.1;77.8;42.2;40.5;..;116000;98100;17800;3600;94500;88900;84.6;3.7;81.5;47.2;45.2;..;107700;81500;26300;2000;79600;72900;75.7;2.5;73.9;36.2;34.8;..;40200;26700;13600;2600;24100;21600;66.4;9.7;60.0;32.6;30.6;..;183500;152900;30500;3000;150000;140200;83.3;2.0;81.7;43.7;42.0;..
"2008M10";224200;180400;43800;5400;175000;165000;80.5;3.0;78.1;41.1;40.0;..;116000;97600;18500;3300;94300;89200;84.1;3.4;81.3;46.0;44.7;..;108200;82800;25300;2100;80700;75800;76.5;2.5;74.6;35.3;34.5;..;40300;28200;12100;2600;25600;23200;70.0;9.2;63.5;28.8;27.2;..;183900;152200;31700;2800;149400;141800;82.8;1.8;81.2;43.1;42.2;..
"2008M11";224200;179500;44700;10100;169300;160300;80.1;5.6;75.5;40.1;39.2;..;116000;95600;20400;7300;88200;84500;82.4;7.6;76.0;44.7;44.6;..;108200;83900;24300;2800;81100;75800;77.5;3.3;75.0;34.9;33.4;..;40300;29100;11200;4200;24900;23400;72.2;14.4;61.8;31.2;30.4;..;183900;150400;33500;5900;144400;136900;81.8;3.9;78.5;41.6;40.8;..
"2008M12";224200;177000;47300;9300;167600;148000;78.9;5.3;74.8;36.7;38.6;..;116000;99200;16900;6200;93000;82500;85.5;6.2;80.2;40.5;42.5;..;108200;77800;30400;3100;74600;65500;71.9;4.0;68.9;32.0;33.7;..;40300;28000;12400;3500;24400;19600;69.5;12.5;60.5;28.2;28.4;..;183900;149000;34900;5800;143200;128400;81.0;3.9;77.9;38.0;40.3;..
"2009M01";223300;174800;48600;10100;164800;148800;78.3;5.8;73.8;37.4;39.1;..;114600;93700;21000;6800;87000;78200;81.8;7.3;75.9;42.2;43.6;..;108700;81100;27600;3300;77800;70600;74.6;4.1;71.6;32.2;34.1;..;40500;27000;13500;3100;24000;21600;66.7;11.5;59.3;27.1;26.1;..;182800;147800;35100;7000;140800;127200;80.9;4.7;77.0;39.2;41.3;..
"2009M02";223100;174200;49000;16100;158100;147500;78.1;9.2;70.9;39.9;38.8;..;114300;93400;21000;11700;81700;78400;81.7;12.5;71.5;44.9;44.0;..;108800;80800;28000;4400;76400;69100;74.3;5.4;70.2;34.3;33.4;..;40400;27000;13400;5100;21900;19500;66.8;18.9;54.2;26.6;24.6;..;182700;147200;35600;11000;136200;128000;80.6;7.5;74.5;41.9;41.1;..
"2009M03";223000;171800;51200;14600;157200;147600;77.0;8.5;70.5;39.9;38.5;..;114200;93800;20400;9900;83900;79500;82.1;10.6;73.5;43.5;42.1;..;108800;78000;30800;4700;73300;68100;71.7;6.0;67.4;35.7;34.4;..;40400;23400;17000;2800;20600;18600;57.9;12.0;51.0;29.3;27.0;..;182600;148400;34200;11800;136600;129000;81.3;8.0;74.8;41.4;40.2;..
"2009M04";223100;176400;46700;16400;160000;147300;79.1;9.3;71.7;38.0;39.2;..;114200;94900;19300;10400;84500;80300;83.1;11.0;74.0;42.3;43.8;..;108900;81500;27400;6000;75500;67000;74.8;7.4;69.3;33.0;34.0;..;40400;28800;11600;6400;22500;19900;71.3;22.2;55.7;28.5;27.9;..;182700;147600;35100;10000;137500;127400;80.8;6.8;75.3;39.5;41.0;..
"2009M05";223200;179600;43600;21200;158400;150000;80.5;11.8;71.0;40.8;40.2;..;114200;96700;17400;13300;83400;77600;84.7;13.8;73.0;44.7;44.6;..;109000;82900;26200;7900;75000;72400;76.1;9.5;68.8;36.7;35.3;..;40400;34000;6400;11200;22800;20800;84.2;32.9;56.4;29.9;29.9;..;182800;145600;37200;10000;135600;129200;79.6;6.9;74.2;42.6;42.0;..
"2009M06";223000;184700;38400;15200;169600;148900;82.8;8.2;76.1;41.8;41.3;..;114000;100100;14000;9900;90300;80400;87.8;9.9;79.2;45.5;45.0;..;109000;84600;24400;5300;79300;68500;77.6;6.3;72.8;37.5;37.2;..;40300;35900;4500;5600;30300;28400;89.1;15.6;75.2;39.9;38.2;..;182700;148800;33900;9600;139300;120500;81.4;6.5;76.2;42.2;42.0;..
"2009M07";223000;184100;39000;10000;174000;127600;82.6;5.4;78.0;42.5;41.5;..;114000;99300;14700;5000;94300;73900;87.1;5.0;82.7;46.5;45.9;..;109000;84800;24300;5000;79700;53700;77.8;5.9;73.1;36.9;36.3;..;40300;36300;4000;3100;33200;30100;90.1;8.5;82.4;42.2;40.5;..;182700;147800;35000;6900;140800;97500;80.9;4.7;77.1;42.5;41.8;..
"2009M08";222700;179700;43100;12600;167100;133500;80.7;7.0;75.0;40.7;40.7;..;112700;95300;17400;8600;86700;71500;84.6;9.0;76.9;44.2;44.6;..;110000;84400;25700;4000;80400;62000;76.7;4.7;73.1;36.6;36.4;..;40500;30800;9700;4600;26200;22200;76.0;14.9;64.7;35.8;37.1;..;182200;148900;33400;8000;140900;111300;81.7;5.4;77.3;41.6;41.3;..
"2009M09";223100;174700;48300;13400;161100;152000;78.3;7.7;72.2;39.7;38.8;..;113900;93200;20700;7600;85500;81100;81.8;8.2;75.1;44.5;43.7;..;109200;81500;27600;5800;75600;70900;74.6;7.1;69.2;34.2;33.3;..;40400;25300;15000;5500;19800;18100;62.6;21.7;49.0;24.5;24.7;..;182700;149400;33300;7900;141300;133900;81.8;5.3;77.3;41.8;40.8;..
"2009M10";222900;176900;45700;12400;164600;154500;79.4;7.0;73.8;39.6;38.7;..;113700;92500;21100;7400;85100;80500;81.4;8.0;74.8;44.1;43.3;..;109200;84400;24600;5000;79500;74000;77.3;5.9;72.8;34.7;33.7;..;40400;26200;14100;4000;22300;21300;64.9;15.3;55.2;27.5;26.5;..;182500;150700;31600;8400;142300;133200;82.6;5.6;78.0;41.5;40.6;..
"2009M11";222800;174100;48800;13900;160000;152400;78.1;8.0;71.8;39.1;38.2;..;113600;93000;20600;8700;84300;81300;81.9;9.4;74.2;42.5;42.5;..;109200;81100;28200;5200;75700;71100;74.3;6.4;69.3;35.2;33.5;..;40400;27600;12800;6300;21200;19800;68.3;22.8;52.5;25.3;24.6;..;182400;146500;36000;7600;138800;132600;80.3;5.2;76.1;41.1;40.3;..
"2009M12";222000;173600;48400;14200;159300;144800;78.2;8.2;71.8;37.7;38.7;..;112900;92800;20100;9500;83200;77300;82.2;10.2;73.7;41.3;43.9;..;109100;80800;28300;4700;76100;67500;74.1;5.8;69.8;33.7;33.1;..;40300;25300;15100;4300;20900;18100;62.8;17.0;51.9;29.5;26.3;..;181700;148300;33300;9900;138400;126700;81.6;6.7;76.2;38.9;40.6;..
"2010M01";221700;173500;48400;14500;159000;149100;78.3;8.4;71.7;38.8;37.9;..;112500;92400;20300;10100;82300;78800;82.1;10.9;73.2;42.8;41.8;..;109200;81100;28100;4400;76700;70300;74.3;5.4;70.2;34.4;33.7;..;40300;25800;14600;4900;20900;18400;64.0;19.0;51.9;27.4;26.1;..;181400;147700;33800;9600;138100;130700;81.4;6.5;76.1;40.4;39.6;..
"2010M02";221900;174000;47700;15300;158700;148100;78.4;8.8;71.5;39.6;38.8;..;112600;93700;18800;9500;84200;78700;83.2;10.1;74.8;44.6;44.2;..;109300;80300;28900;5800;74500;69400;73.5;7.2;68.2;34.0;32.7;..;40400;25900;14500;4500;21400;18600;64.1;17.4;53.0;26.6;23.8;..;181500;148100;33200;10800;137300;129500;81.6;7.3;75.6;41.5;41.2;..
"2010M03";221800;173500;48400;14200;159300;146700;78.2;8.2;71.8;38.5;38.4;..;112500;91500;21000;9000;82500;78200;81.3;9.8;73.3;42.6;42.7;..;109300;82000;27400;5200;76800;68500;75.0;6.3;70.3;33.8;33.7;..;40400;26300;14200;4500;21800;20400;65.1;17.1;54.0;26.0;25.3;..;181400;147200;34200;9700;137500;126300;81.1;6.6;75.8;40.5;40.4;..
"2010M04";222200;176300;45700;16700;159700;147100;79.3;9.5;71.9;39.0;38.8;..;112700;92800;19700;9400;83500;79400;82.3;10.1;74.1;43.4;44.2;..;109500;83500;26000;7300;76200;67700;76.3;8.7;69.6;33.7;33.0;..;40600;29500;11000;6700;22900;19700;72.7;22.7;56.4;28.0;26.1;..;181600;146800;34700;10000;136800;127400;80.8;6.8;75.3;40.7;41.0;..
"2010M05";221900;179100;42700;23500;155600;147500;80.7;13.1;70.1;41.7;40.8;..;112400;97100;15300;13700;83400;79000;86.4;14.1;74.2;46.2;45.3;..;109500;82000;27400;9800;72200;68500;74.9;12.0;65.9;36.5;35.7;..;40400;32900;7500;12200;20700;19300;81.4;37.1;51.2;34.0;34.5;..;181500;146200;35200;11300;134900;128200;80.6;7.7;74.3;42.8;41.8;..
"2010M06";221900;187200;34700;12800;174400;151800;84.4;6.8;78.6;40.2;40.6;..;112400;98000;14400;7800;90200;80700;87.2;8.0;80.2;43.6;43.9;..;109500;89200;20300;5000;84200;71100;81.5;5.6;76.9;36.4;37.0;..;40400;37600;2800;5100;32500;30300;93.1;13.6;80.4;37.9;37.5;..;181500;149600;31900;7700;141900;121500;82.4;5.1;78.2;40.8;41.3;..
"2010M07";222000;182400;39700;11600;170900;120800;82.2;6.4;77.0;43.6;42.6;..;112400;97500;15100;5900;91600;71300;86.7;6.1;81.5;46.6;46.2;..;109600;84900;24600;5700;79300;49500;77.5;6.7;72.4;39.4;38.4;..;40400;35300;5100;4200;31200;27400;87.4;11.9;77.2;41.6;40.1;..;181600;147100;34600;7400;139700;93400;81.0;5.0;76.9;44.2;43.1;..
"2010M08";222200;175800;46400;10900;164900;132000;79.1;6.2;74.2;40.1;39.2;..;112600;94100;18500;4800;89200;73800;83.6;5.1;79.2;42.9;42.5;..;109600;81700;27900;6100;75700;58200;74.5;7.5;69.1;36.5;35.4;..;40400;30200;10300;4200;25900;22200;74.8;13.9;64.1;37.5;36.2;..;181800;145600;36100;6700;139000;109800;80.1;4.6;76.5;40.6;39.8;..
"2010M09";222200;176900;45200;14500;162300;149900;79.6;8.2;73.0;39.4;38.4;..;112600;89500;23000;7800;81700;76500;79.5;8.7;72.6;44.0;43.4;..;109600;87400;22200;6700;80600;73400;79.7;7.7;73.5;34.5;33.4;..;40400;27000;13400;2900;24000;22600;66.8;10.7;59.4;26.5;25.8;..;181800;149900;31800;11600;138300;127300;82.5;7.7;76.1;41.7;40.6;..
"2010M10";222300;174500;47900;12600;161700;151300;78.5;7.2;72.7;39.8;38.5;..;112600;92000;20700;7700;84200;78700;81.7;8.4;74.8;44.5;43.1;..;109700;82500;27200;4900;77500;72600;75.2;5.9;70.6;34.7;33.5;..;40400;27400;13100;3300;24000;22600;67.8;12.0;59.4;26.3;24.4;..;181900;147100;34800;9300;137700;128700;80.9;6.3;75.7;42.1;40.9;..
"2010M11";222600;173100;49600;14000;159200;145500;77.8;8.1;71.5;39.1;38.0;..;112800;92400;20400;7900;84600;79300;81.9;8.5;75.0;42.8;42.3;..;109800;80700;29200;6100;74600;66200;73.5;7.6;67.9;34.7;33.1;..;40600;26800;13800;5100;21700;18500;66.0;19.0;53.4;24.5;23.5;..;182000;146300;35800;8900;137500;127000;80.4;6.1;75.5;41.3;40.2;..
"2010M12";222800;177200;45600;15700;161400;144300;79.5;8.9;72.4;36.4;37.9;..;112900;93300;19600;10300;82900;74300;82.6;11.0;73.4;40.5;42.7;..;109900;83900;26000;5400;78500;70000;76.3;6.4;71.4;32.0;32.9;..;40600;26800;13800;4700;22000;19500;66.0;17.5;54.2;27.5;26.2;..;182200;150400;31800;11000;139400;124800;82.5;7.3;76.5;37.8;39.8;..
"2011M01";222800;172900;49900;15600;157300;149500;77.6;9.0;70.6;38.8;38.3;..;112100;90200;21900;10200;80000;76300;80.5;11.3;71.4;42.5;42.6;..;110700;82700;28000;5400;77300;73200;74.7;6.5;69.8;35.0;33.9;..;41300;28200;13100;3600;24600;22000;68.3;12.8;59.6;25.6;25.2;..;181500;144700;36800;12100;132600;127500;79.7;8.4;73.1;41.1;40.7;..
"2011M02";223100;171000;52100;15500;155500;145300;76.6;9.1;69.7;40.3;38.5;..;112200;91500;20700;10700;80800;76900;81.6;11.7;72.0;45.4;43.6;..;110800;79500;31300;4700;74800;68400;71.8;5.9;67.5;34.6;33.0;..;41400;25800;15600;6000;19800;17600;62.3;23.3;47.8;25.5;22.8;..;181700;145200;36500;9500;135700;127700;79.9;6.5;74.7;42.4;40.8;..
"2011M03";223000;173100;49900;14300;158800;150100;77.6;8.3;71.2;39.3;38.3;..;112200;89200;23000;9700;79500;76300;79.5;10.9;70.9;44.2;43.1;..;110900;83900;27000;4600;79300;73800;75.7;5.5;71.5;34.2;33.6;..;41400;27500;13900;4700;22800;21500;66.4;17.1;55.1;23.7;23.0;..;181700;145600;36100;9600;136000;128600;80.1;6.6;74.8;41.9;40.9;..
"2011M04";223100;177400;45700;20400;157000;140400;79.5;11.5;70.4;36.9;39.2;..;112200;91700;20500;13700;78000;71000;81.7;14.9;69.5;41.4;44.3;..;110800;85700;25100;6700;79000;69400;77.3;7.8;71.3;32.2;34.1;..;41300;30100;11200;7000;23100;20200;72.9;23.3;55.9;25.0;25.2;..;181700;147300;34400;13400;133900;120200;81.1;9.1;73.7;38.9;41.6;..
"2011M05";223200;183000;40200;22800;160200;150200;82.0;12.5;71.8;42.1;40.7;..;112200;95500;16700;11000;84500;79700;85.1;11.5;75.3;47.0;45.3;..;110900;87400;23500;11700;75700;70500;78.8;13.4;68.3;36.6;35.6;..;41300;36000;5300;11100;24900;23000;87.2;30.8;60.3;34.2;33.1;..;181800;146900;34900;11600;135300;127200;80.8;7.9;74.4;43.5;42.1;..
"2011M06";223400;185600;37800;9900;175700;152500;83.1;5.3;78.6;40.6;41.2;..;112400;96400;16000;5900;90500;80300;85.8;6.1;80.5;44.5;44.8;..;111000;89200;21800;4000;85200;72100;80.4;4.5;76.8;36.3;37.4;..;41400;38200;3200;3800;34400;31900;92.3;9.9;83.1;39.1;37.8;..;181900;147200;34700;6000;141200;120600;80.9;4.1;77.6;41.1;42.0;..
"2011M07";223400;188400;35000;11400;177000;137800;84.3;6.1;79.2;41.5;41.1;..;112300;98800;13500;6100;92700;80400;88.0;6.2;82.5;45.7;45.6;..;111100;89700;21400;5400;84300;57300;80.7;6.0;75.9;35.7;36.2;..;41400;36900;4500;2000;34900;31600;89.1;5.4;84.3;40.2;38.8;..;181900;151500;30400;9500;142000;106100;83.3;6.3;78.1;41.9;41.7;..
"2011M08";223000;175600;47400;11200;164400;136200;78.7;6.4;73.7;42.5;42.1;..;112000;94800;17200;5700;89100;76100;84.6;6.0;79.6;45.3;46.2;..;111000;80800;30200;5500;75300;60100;72.8;6.8;67.8;38.9;37.2;..;41300;31800;9500;3500;28300;25800;77.0;11.0;68.5;38.9;36.4;..;181700;143800;37900;7700;136100;110400;79.1;5.4;74.9;43.3;43.3;..
"2011M09";223100;169900;53200;11100;158800;149900;76.2;6.5;71.2;39.7;39.4;..;112000;87900;24100;5000;82900;78600;78.5;5.7;74.0;43.5;43.5;..;111000;81900;29100;6000;75900;71300;73.8;7.3;68.4;35.6;34.9;..;41300;25000;16300;3600;21400;20700;60.5;14.4;51.8;25.2;25.6;..;181800;144900;36900;7500;137400;129300;79.7;5.2;75.6;42.1;41.5;..
"2011M10";223300;174200;49100;14500;159700;150000;78.0;8.3;71.5;39.9;38.8;..;112300;92200;20100;7500;84700;79200;82.1;8.1;75.4;43.7;42.8;..;111100;82100;29000;7000;75100;70800;73.9;8.5;67.6;35.7;34.3;..;41300;25000;16300;4300;20700;19100;60.5;17.2;50.1;25.5;24.1;..;182000;149300;32700;10300;139000;130800;82.0;6.9;76.4;42.0;41.0;..
"2011M11";223400;165100;58300;9200;155900;144800;73.9;5.6;69.8;41.0;39.5;..;112200;90800;21400;5400;85400;79300;80.9;5.9;76.1;44.9;43.7;..;111200;74300;36900;3700;70600;65500;66.8;5.0;63.5;36.3;34.6;..;41500;25900;15600;3700;22200;20000;62.4;14.3;53.5;27.7;26.7;..;182000;139300;42700;5500;133800;124800;76.5;3.9;73.5;43.2;41.7;..
"2011M12";223600;173200;50400;11700;161500;144300;77.5;6.8;72.2;37.1;39.1;..;112300;90500;21800;6800;83700;75700;80.6;7.5;74.5;40.4;44.0;..;111300;82700;28600;4900;77800;68600;74.3;5.9;69.9;33.3;33.8;..;41500;27800;13700;4300;23500;19400;67.0;15.5;56.6;28.6;25.4;..;182100;145400;36700;7400;138000;124900;79.8;5.1;75.8;38.4;41.4;..
"2012M01";224100;174600;49500;13600;161000;145800;77.9;7.8;71.8;39.0;37.8;..;112600;91000;21600;6900;84100;76900;80.8;7.6;74.7;43.3;41.7;..;111500;83600;27900;6700;76900;68900;75.0;8.0;69.0;34.3;33.6;..;41700;26200;15500;5300;20900;16200;62.8;20.2;50.1;23.2;21.1;..;182500;148400;34100;8300;140100;129700;81.3;5.6;76.8;41.0;40.3;..
"2012M02";224200;168800;55400;13900;154900;144100;75.3;8.2;69.1;40.2;39.0;..;112700;90000;22700;7800;82200;76800;79.9;8.7;72.9;45.0;44.1;..;111500;78800;32700;6100;72700;67400;70.7;7.7;65.2;34.7;33.2;..;41600;27700;13900;5000;22700;21200;66.6;18.1;54.6;25.9;24.6;..;182600;141100;41500;8900;132200;122900;77.3;6.3;72.4;42.7;41.4;..
"2012M03";224300;174400;49900;15000;159400;149300;77.8;8.6;71.1;40.0;38.3;..;112700;90800;21900;9200;81600;78000;80.6;10.1;72.4;44.6;42.9;..;111600;83600;28000;5800;77800;71300;74.9;6.9;69.7;35.0;33.5;..;41600;28800;12800;5900;22900;20700;69.2;20.5;55.0;28.7;24.4;..;182700;145600;37100;9100;136500;128600;79.7;6.3;74.7;41.8;40.7;..
"2012M04";224600;175500;49100;14900;160600;147000;78.1;8.5;71.5;36.2;38.3;..;112800;90700;22100;8400;82300;75800;80.4;9.3;73.0;40.2;42.8;..;111800;84800;27000;6500;78300;71200;75.8;7.7;70.0;32.1;33.7;..;41600;30200;11400;7000;23200;19900;72.6;23.2;55.8;22.7;23.8;..;182800;145100;37700;7800;137300;127100;79.4;5.4;75.1;38.4;40.8;..
"2012M05";224600;182400;42200;17900;164500;151700;81.2;9.8;73.2;40.7;40.2;..;112900;94500;18400;9000;85500;79500;83.7;9.5;75.7;45.5;45.1;..;111900;88000;23900;8900;79100;72200;78.6;10.1;70.7;35.4;34.9;..;41600;35400;6200;9600;25800;23400;85.1;27.1;62.0;32.8;31.9;..;183100;147000;36100;8300;138700;128300;80.3;5.6;75.8;42.2;41.7;..
"2012M06";224800;190300;34500;11500;178800;157000;84.7;6.0;79.5;41.8;40.8;..;112900;98100;14800;5500;92600;83900;86.9;5.6;82.0;46.1;44.8;..;111900;92200;19700;6000;86200;73100;82.4;6.5;77.0;36.9;36.4;..;41700;38700;3000;3400;35300;32200;92.8;8.8;84.7;39.3;38.0;..;183300;151700;31600;8100;143600;124800;82.8;5.3;78.3;42.5;41.5;..
"2012M07";225200;186900;38300;9500;177400;134300;83.0;5.1;78.8;43.3;41.9;..;113100;98700;14400;6600;92100;74400;87.3;6.7;81.4;45.7;45.4;..;112100;88200;23900;2900;85300;59900;78.7;3.3;76.1;40.4;38.2;..;41600;36800;4800;1200;35600;32900;88.5;3.3;85.6;40.1;39.0;..;183300;149900;33400;8200;141700;101400;81.8;5.5;77.3;44.4;42.7;..
"2012M08";224900;173900;51000;11300;162600;133200;77.3;6.5;72.3;40.4;41.0;..;112900;91900;21000;5100;86800;72300;81.4;5.5;76.9;43.8;44.5;..;112000;82000;30000;6200;75800;60900;73.2;7.6;67.7;36.4;37.0;..;41700;31100;10600;4000;27100;23300;74.6;12.9;65.0;35.5;35.3;..;183300;142900;40400;7300;135600;109900;78.0;5.1;74.0;41.4;42.2;..
"2012M09";224800;177900;46900;10000;167900;155500;79.1;5.6;74.7;39.1;38.1;..;112900;89800;23100;4400;85400;78900;79.5;4.9;75.6;43.1;41.2;..;111900;88100;23800;5600;82500;76500;78.7;6.4;73.7;35.0;34.8;..;41500;30100;11400;3100;27000;25100;72.5;10.3;65.1;26.3;26.0;..;183300;147800;35500;6900;140900;130400;80.6;4.7;76.9;41.6;40.4;..
"2012M10";224900;172700;52200;8900;163800;153600;76.8;5.2;72.8;39.3;38.5;..;112900;89900;23000;5500;84400;80200;79.6;6.1;74.8;43.6;42.4;..;112000;82800;29200;3400;79400;73400;73.9;4.1;70.9;34.6;34.3;..;41400;26100;15300;2900;23200;22300;63.0;11.1;56.0;28.4;26.2;..;183500;146600;36900;6000;140600;131200;79.9;4.1;76.6;41.2;40.5;..
"2012M11";225300;169200;56100;8100;161100;148400;75.1;4.8;71.5;39.0;38.7;..;113100;88200;24900;4700;83500;78600;78.0;5.3;73.8;42.8;42.8;..;112100;81000;31100;3400;77600;69900;72.3;4.2;69.2;34.8;34.2;..;41600;28800;12800;3400;25400;22300;69.2;11.8;61.1;24.2;23.5;..;183700;140400;43300;4700;135700;126200;76.4;3.3;73.9;41.6;41.5;..
"2012M12";225800;176300;49500;10800;165500;144600;78.1;6.1;73.3;37.1;39.0;..;113300;91100;22200;6200;84900;74100;80.4;6.8;74.9;40.7;42.9;..;112400;85100;27300;4500;80600;70500;75.7;5.3;71.7;33.3;34.9;..;41800;30600;11200;4000;26600;21700;73.2;13.1;63.6;30.1;27.0;..;184000;145700;38300;6800;138900;122900;79.2;4.7;75.5;38.3;41.3;..
"2013M01";226400;173400;53000;11400;162000;149000;76.6;6.6;71.6;36.9;38.2;..;113700;90100;23600;6500;83600;78100;79.2;7.2;73.5;41.0;41.9;..;112700;83300;29400;4900;78400;70900;73.9;5.9;69.6;32.4;34.3;..;41800;27000;14800;3400;23600;21100;64.6;12.6;56.5;25.8;26.2;..;184500;146400;38100;8000;138400;127900;79.3;5.5;75.0;38.7;40.3;..
"2013M02";226700;174400;52300;9200;165200;151400;76.9;5.3;72.9;38.8;37.7;..;113900;91300;22600;4400;86900;81100;80.2;4.8;76.3;42.8;41.4;..;112800;83100;29700;4800;78300;70300;73.7;5.8;69.4;34.2;33.6;..;41900;28700;13200;2500;26200;23700;68.5;8.7;62.5;23.9;22.4;..;184700;145600;39100;6700;138900;127700;78.8;4.6;75.2;41.5;40.6;..
"2013M03";226800;175100;51700;14100;161000;147700;77.2;8.1;71.0;38.6;38.8;..;113900;90200;23700;8000;82200;75200;79.2;8.9;72.2;43.7;43.7;..;112900;84900;28000;6100;78800;72500;75.2;7.2;69.8;33.4;33.7;..;41800;30000;11800;4200;25800;23400;71.8;14.0;61.7;26.7;23.4;..;184900;145000;39900;9900;135100;124400;78.4;6.8;73.1;40.9;41.8;..
"2013M04";227100;182100;45000;13400;168700;153900;80.2;7.4;74.3;37.4;38.0;..;114100;94000;20100;7100;86900;80800;82.4;7.6;76.2;41.9;42.2;..;113000;88100;24900;6300;81800;73100;78.0;7.2;72.4;32.5;33.5;..;41800;32000;9800;6700;25300;22200;76.6;20.9;60.5;26.8;25.8;..;185100;149900;35200;6600;143300;131700;81.0;4.4;77.4;39.2;40.2;..
"2013M05";227400;186900;40500;15600;171300;158600;82.2;8.3;75.3;41.0;40.3;..;114200;99300;14900;9200;90100;85000;87.0;9.3;78.9;45.3;44.8;..;113100;87500;25600;6400;81100;73600;77.4;7.3;71.7;36.0;35.4;..;41900;35300;6600;8000;27300;23900;84.2;22.7;65.2;34.7;33.2;..;185500;151600;33900;7600;144000;134600;81.7;5.0;77.6;42.1;41.7;..
"2013M06";227800;188500;39300;13300;175200;151900;82.7;7.1;76.9;42.3;41.9;..;114400;97700;16700;7000;90700;82500;85.4;7.2;79.3;47.1;47.2;..;113400;90800;22600;6300;84500;69500;80.1;6.9;74.5;36.7;36.3;..;41900;37500;4400;3400;34100;31900;89.5;9.1;81.4;38.6;37.8;..;185900;151000;34900;9900;141100;120100;81.2;6.6;75.9;43.3;42.9;..
"2013M07";228000;188200;39800;6800;181400;132800;82.5;3.6;79.6;43.3;41.9;..;114500;100000;14500;3800;96200;74800;87.3;3.8;84.0;45.6;45.9;..;113500;88200;25300;3000;85200;58000;77.7;3.4;75.1;40.4;37.4;..;42000;38700;3300;1400;37300;33900;92.1;3.6;88.8;41.8;39.3;..;186000;149500;36500;5400;144100;98900;80.4;3.6;77.5;43.8;42.6;..
"2013M08";227900;184800;43100;9700;175100;144600;81.1;5.2;76.8;40.9;41.2;..;114400;95900;18500;5400;90500;78400;83.8;5.6;79.1;44.4;45.1;..;113600;88900;24700;4300;84600;66200;78.3;4.8;74.5;36.7;37.0;..;41800;34100;7700;2800;31300;27800;81.6;8.2;74.9;36.1;34.8;..;186200;150800;35400;7000;143800;116900;81.0;4.6;77.2;42.0;42.6;..
"2013M09";228400;183300;45100;11200;172100;160900;80.3;6.1;75.4;41.3;39.3;..;114600;94600;20000;5900;88700;83500;82.5;6.2;77.4;45.8;43.8;..;113900;88700;25200;5300;83400;77400;77.9;6.0;73.2;36.4;34.4;..;41900;30900;11000;4700;26200;23100;73.7;15.2;62.5;26.8;26.7;..;186600;152400;34200;6500;145900;137900;81.7;4.3;78.2;43.7;41.5;..
"2013M10";228600;182100;46500;10300;171800;161000;79.7;5.7;75.2;39.2;38.8;..;114700;95300;19400;5900;89400;83600;83.1;6.2;77.9;43.8;43.5;..;113900;86800;27100;4400;82400;77400;76.2;5.1;72.3;34.2;33.7;..;41900;30100;11800;3300;26800;23300;71.8;11.0;64.0;25.1;25.6;..;186800;152100;34700;7100;145000;137700;81.4;4.7;77.6;41.6;41.3;..
"2013M11";228900;177400;51500;8200;169200;158100;77.5;4.6;73.9;40.3;38.8;..;115000;91300;23700;4000;87300;82300;79.4;4.4;75.9;44.3;43.2;..;114100;86200;27900;4300;81900;75800;75.5;5.0;71.8;36.1;34.2;..;41900;29900;12000;1900;28000;26100;71.4;6.4;66.8;28.9;28.1;..;187200;147600;39600;6400;141200;132000;78.8;4.3;75.4;42.6;40.9;..
"2013M12";229100;180600;48500;9300;171300;148200;78.8;5.1;74.8;37.0;38.6;..;115000;93300;21700;4800;88500;78000;81.1;5.1;77.0;41.4;42.9;..;114100;87300;26800;4500;82800;70200;76.5;5.2;72.6;32.2;33.9;..;41900;32700;9200;2700;30000;23800;78.0;8.3;71.6;28.3;25.3;..;187400;148000;39400;6600;141400;124500;79.0;4.5;75.5;38.7;41.4;..
"2014M01";229700;177500;52200;13700;163800;150200;77.3;7.7;71.3;36.5;38.3;..;115400;93400;22000;8700;84700;78800;80.9;9.3;73.4;41.0;42.9;..;114400;84200;30200;5100;79100;71400;73.6;6.1;69.1;31.4;33.5;..;41900;29600;12300;5300;24300;20600;70.6;17.9;58.0;23.8;25.0;..;187900;147900;40000;8400;139500;129600;78.7;5.7;74.2;38.5;40.7;..
"2014M02";229900;177100;52800;8600;168500;155700;77.0;4.9;73.3;39.3;38.6;..;115600;93800;21800;4900;88900;82800;81.1;5.2;76.9;43.0;41.8;..;114600;83500;31100;3800;79700;72900;72.9;4.6;69.5;35.2;35.1;..;41900;28200;13700;2400;25800;23700;67.3;8.5;61.6;26.4;25.1;..;188000;148900;39100;6200;142700;131900;79.2;4.2;75.9;41.7;41.1;..
"2014M03";230100;179300;50800;12300;167000;155600;77.9;6.9;72.6;41.4;39.7;..;115500;94000;21500;7000;87000;83200;81.4;7.4;75.3;45.6;44.7;..;114500;85200;29300;5300;79900;72400;74.4;6.2;69.8;36.6;34.2;..;41800;30500;11300;3500;27000;24300;73.0;11.5;64.6;29.5;25.4;..;188100;148700;39400;8800;139900;131300;79.1;5.9;74.4;43.6;42.4;..
"2014M04";230100;177400;52700;11400;166000;156900;77.1;6.4;72.1;36.4;39.0;..;115500;93100;22400;6500;86600;82000;80.6;7.0;75.0;40.3;42.7;..;114600;84300;30300;4900;79400;74900;73.6;5.8;69.3;32.1;35.0;..;41800;28900;12900;4500;24400;21700;69.1;15.6;58.4;25.5;28.2;..;188300;148500;39800;6900;141600;135200;78.9;4.6;75.2;38.1;40.9;..
"2014M05";230400;192700;37700;14700;178000;164800;83.6;7.6;77.3;40.5;40.6;..;115700;101700;14000;7200;94500;88200;87.9;7.1;81.7;44.0;44.5;..;114700;91000;23700;7500;83500;76600;79.3;8.2;72.8;36.4;36.2;..;41800;35500;6300;6200;29300;25900;84.9;17.5;70.1;31.8;33.6;..;188500;157100;31400;8500;148600;138800;83.3;5.4;78.8;42.1;42.0;..
"2014M06";230700;193300;37400;9800;183500;159100;83.8;5.1;79.5;43.0;41.8;..;115800;102400;13400;5300;97100;87100;88.4;5.2;83.9;47.4;45.5;..;114900;90900;24000;4500;86400;71900;79.1;5.0;75.2;37.7;37.6;..;41900;38800;3100;2700;36100;34900;92.6;7.0;86.2;41.8;39.0;..;188800;154500;34300;7100;147400;124200;81.8;4.6;78.1;43.3;42.5;..
"2014M07";231100;192500;38600;6800;185700;139900;83.3;3.5;80.4;41.9;41.1;..;116000;102800;13200;3400;99400;79300;88.6;3.3;85.7;45.1;44.8;..;115100;89700;25400;3400;86300;60700;77.9;3.8;75.0;37.7;37.0;..;42000;37800;4200;1900;35900;32200;90.0;5.0;85.5;40.3;38.2;..;189000;154700;34300;5000;149700;107700;81.9;3.2;79.2;42.4;41.8;..
"2014M08";231000;187800;43200;10500;177300;151100;81.3;5.6;76.8;41.2;41.1;..;115900;97900;18000;4100;93800;81800;84.5;4.2;80.9;45.1;44.9;..;115000;89800;25200;6300;83500;69300;78.1;7.0;72.6;36.6;36.9;..;41900;33200;8700;3400;29800;26900;79.2;10.2;71.1;37.8;37.2;..;189100;154600;34500;7100;147500;124200;81.8;4.6;78.0;42.0;41.9;..
"2014M09";231300;177700;53600;8400;169300;158200;76.8;4.7;73.2;39.9;39.2;..;116200;90400;25800;4000;86400;80900;77.8;4.4;74.4;44.6;43.9;..;115100;87300;27800;4400;82900;77400;75.8;5.0;72.0;35.0;34.3;..;41900;26800;15100;2500;24300;21600;64.0;9.3;58.0;24.7;23.1;..;189400;150900;38500;5900;145000;136600;79.7;3.9;76.6;42.3;41.8;..
"2014M10";231700;184900;46800;10500;174400;161800;79.8;5.7;75.3;39.8;38.6;..;116300;95100;21200;4900;90200;84500;81.8;5.2;77.6;45.0;43.4;..;115300;89800;25500;5500;84300;77300;77.9;6.1;73.1;34.2;33.4;..;42000;29700;12300;2700;27000;23100;70.7;9.1;64.3;26.9;24.7;..;189800;155300;34500;7800;147500;138800;81.8;5.0;77.7;42.0;41.1;..
"2014M11";232100;183000;49100;6200;176800;165400;78.8;3.4;76.2;41.4;39.3;..;116500;97100;19400;3400;93700;89300;83.3;3.5;80.4;45.4;43.4;..;115400;85800;29600;2800;83000;76100;74.4;3.3;71.9;36.7;34.7;..;41900;29000;12900;2900;26100;23600;69.2;10.0;62.3;26.8;26.1;..;190000;153900;36100;3300;150600;141800;81.0;2.1;79.3;43.8;41.6;..
"2014M12";232200;180800;51400;8300;172500;154000;77.9;4.6;74.3;36.9;39.1;..;116600;94600;22000;5300;89300;80900;81.1;5.6;76.6;39.7;43.0;..;115500;86200;29300;3000;83200;73100;74.6;3.5;72.0;33.8;34.9;..;41900;27700;14200;2600;25100;21700;66.1;9.4;59.9;26.2;25.3;..;190300;153100;37200;5700;147400;132400;80.5;3.7;77.5;38.7;41.5;..
"2015M01";232700;182300;50400;9400;172900;157800;78.3;5.2;74.3;38.1;38.9;..;116900;94300;22600;4700;89600;81600;80.7;5.0;76.6;41.4;43.3;..;115700;87900;27800;4600;83300;76200;76.0;5.2;72.0;34.6;34.2;..;41900;28300;13600;2500;25800;22400;67.5;8.8;61.6;27.0;25.9;..;190700;153900;36800;6800;147100;135400;80.7;4.4;77.1;40.0;41.2;..
"2015M02";232900;183200;49700;9700;173500;159300;78.7;5.3;74.5;39.7;38.6;..;117000;97200;19800;5100;92100;85200;83.1;5.2;78.7;43.2;42.3;..;115800;86000;29800;4600;81400;74100;74.3;5.3;70.3;35.7;34.5;..;42000;31300;10700;3800;27500;23700;74.5;12.1;65.5;27.8;25.6;..;191000;152000;39000;6000;146000;135600;79.6;3.9;76.4;41.8;41.1;..
"2015M03";232900;186700;46200;9400;177300;167500;80.2;5.0;76.1;39.5;38.3;..;117100;98200;18900;5200;93000;88500;83.9;5.3;79.4;43.9;42.6;..;115900;88500;27400;4200;84300;78900;76.4;4.7;72.7;34.6;33.5;..;41900;31200;10700;4000;27200;26000;74.5;12.8;64.9;27.4;26.8;..;191100;155600;35500;5400;150200;141500;81.4;3.5;78.6;41.7;40.4;..
"2015M04";233100;187500;45600;11700;175800;163300;80.4;6.2;75.4;37.5;39.4;..;117200;97500;19700;5900;91600;85100;83.2;6.1;78.2;40.7;43.3;..;115900;90000;25900;5800;84200;78200;77.7;6.4;72.6;33.9;35.2;..;41700;31200;10500;5300;25900;22200;74.8;17.0;62.1;26.8;26.2;..;191300;156200;35100;6400;149800;141100;81.7;4.1;78.3;39.2;41.7;..
"2015M05";233400;193300;40100;14400;178900;166000;82.8;7.4;76.6;41.4;40.2;..;117300;102700;14600;5200;97500;92000;87.6;5.1;83.1;45.1;44.2;..;116000;90500;25500;9200;81300;73900;78.0;10.2;70.1;36.8;35.5;..;41700;37100;4600;6200;30900;27700;89.0;16.7;74.1;33.4;32.0;..;191700;156100;35600;8200;147900;138300;81.4;5.3;77.2;43.0;42.0;..
"2015M06";233700;200500;33200;6600;193900;172900;85.8;3.3;83.0;42.9;42.0;..;117600;104900;12700;4200;100700;90400;89.2;4.0;85.6;47.6;46.5;..;116200;95700;20500;2400;93300;82500;82.4;2.5;80.3;37.8;37.1;..;41600;39700;1900;2900;36800;33100;95.4;7.3;88.5;38.2;38.7;..;192100;160800;31300;3700;157100;139800;83.7;2.3;81.8;44.0;42.7;..
"2015M07";234100;193400;40700;7100;186300;141500;82.6;3.7;79.6;43.1;41.4;..;117700;101600;16100;3800;97800;77700;86.3;3.7;83.1;46.4;45.1;..;116400;91800;24600;3300;88500;63800;78.9;3.6;76.0;39.0;37.4;..;41700;36400;5300;1800;34600;31900;87.3;4.9;83.0;42.3;38.8;..;192400;157000;35400;5300;151700;109600;81.6;3.4;78.8;43.3;42.1;..
"2015M08";234000;194100;39900;8700;185400;155400;82.9;4.5;79.2;40.4;40.8;..;117700;102800;14900;3500;99300;84700;87.3;3.4;84.4;43.8;44.8;..;116300;91300;25000;5200;86100;70700;78.5;5.7;74.0;36.4;36.2;..;41500;34600;6900;2400;32200;27900;83.4;6.9;77.6;35.9;35.0;..;192500;159500;33000;6400;153100;127500;82.9;4.0;79.5;41.4;42.0;..
"2015M09";234200;186500;47700;8100;178400;164400;79.6;4.3;76.2;40.8;39.6;..;117900;100000;17900;4000;96000;89100;84.8;4.0;81.4;45.2;44.2;..;116400;86600;29800;4200;82400;75300;74.4;4.8;70.8;35.7;34.2;..;41300;28600;12700;2100;26500;25000;69.2;7.3;64.2;26.4;26.0;..;192900;157900;35000;6000;151900;139400;81.9;3.8;78.7;43.4;42.0;..
"2015M10";234500;185000;49500;7800;177200;166500;78.9;4.2;75.6;40.8;38.9;..;117900;95600;22300;5100;90500;86500;81.1;5.3;76.8;46.9;44.2;..;116600;89400;27200;2700;86700;79900;76.7;3.0;74.4;34.1;33.5;..;41300;30500;10800;3500;27000;24300;73.8;11.5;65.4;25.7;24.7;..;193100;154400;38700;4200;150200;142100;80.0;2.7;77.8;43.3;41.5;..
"2015M11";234700;190900;43800;7900;183000;170200;81.3;4.1;78.0;40.3;39.0;..;118000;99900;18100;5100;94800;89200;84.7;5.1;80.3;44.3;43.0;..;116500;90900;25600;2800;88100;81000;78.0;3.1;75.6;36.0;34.6;..;41300;30200;11100;2200;28000;24300;73.1;7.3;67.8;27.3;25.0;..;193300;160600;32700;5700;154900;145900;83.1;3.5;80.1;42.5;41.5;..
"2015M12";235100;185900;49200;3500;182400;164500;79.1;1.9;77.6;37.7;38.3;..;118300;97900;20400;2100;95800;88000;82.8;2.1;81.0;41.7;42.7;..;116800;88000;28800;1400;86600;76500;75.3;1.6;74.1;33.1;33.6;..;41500;29500;12000;1400;28100;24000;71.1;4.7;67.7;28.4;24.3;..;193700;156500;37200;2200;154300;140500;80.8;1.4;79.7;39.2;40.9;..
"2016M01";235700;188300;47400;6000;182300;172400;79.9;3.2;77.3;39.3;38.3;..;118700;98600;20100;3700;94900;91500;83.1;3.8;79.9;43.4;43.0;..;117000;89700;27300;2300;87400;80900;76.7;2.6;74.7;34.5;33.3;..;41500;31300;10200;2100;29200;27600;75.4;6.7;70.4;28.5;26.5;..;194200;157000;37200;3900;153100;144900;80.8;2.5;78.8;41.3;40.6;..
"2016M02";236300;189500;46800;6800;182700;170900;80.2;3.6;77.3;40.0;39.2;..;119100;100100;19000;4600;95500;89500;84.0;4.6;80.2;45.0;43.7;..;117200;89400;27800;2200;87200;81400;76.3;2.5;74.4;34.6;34.3;..;41400;29800;11600;2300;27500;26000;72.0;7.7;66.4;29.5;26.9;..;194700;159600;35100;4400;155200;144900;82.0;2.8;79.7;41.9;41.4;..
"2016M03";236600;189200;47400;8000;181200;167000;80.0;4.2;76.6;38.1;37.8;..;119300;102900;16400;5200;97700;90700;86.3;5.1;81.9;42.4;42.0;..;117300;86300;31000;2800;83500;76300;73.6;3.2;71.2;33.0;32.7;..;41600;31000;10600;2900;28100;23400;74.5;9.4;67.5;23.6;22.1;..;195100;158300;36800;5100;153200;143500;81.1;3.2;78.5;40.5;40.6;..
"2016M04";236900;194800;42100;10800;184000;172500;82.2;5.5;77.7;39.5;38.8;..;119500;102500;17000;5900;96600;92400;85.8;5.8;80.8;44.2;43.3;..;117400;92300;25100;4900;87400;80000;78.6;5.3;74.4;34.2;33.8;..;41400;34400;7000;4200;30200;27700;83.1;12.2;72.9;27.8;27.5;..;195300;160200;35100;6500;153700;144800;82.0;4.1;78.7;41.8;41.1;..
"2016M05";237300;201100;36200;8900;192200;178900;84.7;4.4;81.0;41.3;40.2;..;119800;105300;14500;3300;102000;95400;87.9;3.1;85.1;44.5;44.1;..;117600;95900;21700;5700;90200;83400;81.5;5.9;76.7;37.5;35.8;..;41400;37600;3800;4600;33000;29600;90.8;12.2;79.7;35.7;35.5;..;195800;163400;32400;4300;159100;149300;83.5;2.6;81.3;42.4;41.2;..
"2016M06";238000;199200;38800;5200;194000;167800;83.7;2.6;81.5;41.7;41.2;..;120200;107400;12800;2600;104800;94600;89.4;2.4;87.2;45.5;45.2;..;117800;91800;26000;2600;89200;73200;77.9;2.8;75.7;36.8;36.5;..;41500;38000;3500;2300;35700;33000;91.6;6.1;86.0;37.9;36.7;..;196600;161200;35400;2900;158300;134800;82.0;1.8;80.5;42.6;42.2;..
"2016M07";238600;201800;36800;4500;197300;147900;84.6;2.2;82.7;42.4;41.2;..;120500;105300;15200;2400;102900;81700;87.4;2.3;85.4;45.2;44.6;..;118000;96400;21600;2100;94300;66200;81.7;2.2;79.9;38.9;37.6;..;41700;39300;2400;800;38500;33500;94.2;2.0;92.3;41.1;37.9;..;197000;162600;34400;3800;158800;114300;82.5;2.3;80.6;42.8;42.0;..
"2016M08";239200;202600;36600;6800;195800;165800;84.7;3.4;81.9;40.3;40.3;..;120900;107200;13700;3700;103500;90100;88.7;3.5;85.6;43.8;44.2;..;118200;95400;22800;3100;92300;75700;80.7;3.2;78.1;36.2;35.9;..;41800;36300;5500;2000;34300;29500;86.8;5.5;82.1;35.3;35.0;..;197400;166300;31100;4800;161500;136200;84.2;2.9;81.8;41.4;41.4;..
"2016M09";239900;194200;45700;6900;187300;175000;81.0;3.6;78.1;41.3;39.4;..;121400;104500;16900;2800;101700;96600;86.1;2.7;83.8;44.9;42.9;..;118500;89700;28800;4100;85600;78400;75.7;4.6;72.2;36.8;35.2;..;41700;32100;9600;1900;30200;27800;77.0;5.9;72.4;28.7;27.0;..;198200;162100;36100;5000;157100;147200;81.8;3.1;79.3;43.7;41.7;..
"2016M10";240300;192500;47800;5600;186900;172100;80.1;2.9;77.8;40.2;38.5;..;121700;101400;20300;2700;98700;92000;83.3;2.7;81.1;44.1;41.8;..;118700;91200;27500;3000;88200;80100;76.8;3.3;74.3;35.8;34.7;..;41700;30900;10800;2000;28900;27100;74.1;6.5;69.3;28.2;25.2;..;198500;161500;37000;3600;157900;145000;81.4;2.2;79.5;42.5;40.9;..
"2016M11";240500;197300;43200;5200;192100;179200;82.0;2.6;79.9;40.0;38.7;..;121900;103400;18500;1600;101800;97700;84.8;1.5;83.5;44.0;42.9;..;118700;93900;24800;3600;90300;81500;79.1;3.8;76.1;35.2;34.0;..;41800;32700;9100;2000;30700;27000;78.2;6.1;73.4;28.7;27.2;..;198800;164700;34100;3200;161500;152200;82.8;1.9;81.2;42.0;40.9;..
"2016M12";240900;196100;44800;6000;190100;170500;81.4;3.1;78.9;37.6;38.4;..;122000;106000;16000;3900;102100;93300;86.9;3.7;83.7;40.2;42.0;..;118900;90100;28800;2100;88000;77200;75.8;2.3;74.0;34.5;34.3;..;41700;31700;10000;2000;29700;26000;76.0;6.3;71.2;27.8;26.4;..;199200;164400;34800;4000;160400;144500;82.5;2.4;80.5;39.4;40.7;..
"2017M01";241900;189700;52200;8600;181100;166800;78.4;4.5;74.9;39.2;38.9;..;122700;101700;21000;4800;96900;90200;82.9;4.7;79.0;43.1;43.8;..;119100;88000;31100;3800;84200;76500;73.9;4.3;70.7;34.5;33.3;..;41900;31600;10300;3500;28100;24900;75.4;11.1;67.1;29.0;26.1;..;200000;158100;41900;5100;153000;141900;79.1;3.2;76.5;40.9;41.3;..
"2017M02";242700;196200;46500;6800;189400;172300;80.8;3.5;78.0;39.2;38.2;..;123300;102000;21300;3900;98100;93100;82.7;3.8;79.6;42.7;42.4;..;119500;94200;25300;2900;91300;79300;78.8;3.1;76.4;35.1;33.7;..;41900;31400;10500;3500;27900;25400;74.9;11.1;66.6;27.5;23.7;..;200700;164700;36000;3300;161400;146900;82.1;2.0;80.4;41.2;40.8;..
"2017M03";243100;201800;41300;4500;197300;181900;83.0;2.2;81.2;39.7;37.7;..;123500;109100;14400;3000;106100;100500;88.3;2.7;85.9;42.4;41.1;..;119500;92600;26900;1500;91100;81400;77.5;1.6;76.2;36.2;33.7;..;41900;33800;8100;2100;31700;26900;80.7;6.2;75.7;27.2;24.5;..;201100;167900;33200;2300;165600;155000;83.5;1.4;82.3;41.8;40.2;..
"2017M04";243200;198100;45100;6900;191200;174300;81.5;3.5;78.6;38.4;39.0;..;123600;106800;16800;4100;102700;96300;86.4;3.8;83.1;42.3;43.3;..;119600;91300;28300;2800;88500;78100;76.3;3.1;74.0;33.6;34.1;..;41800;33900;7900;3700;30200;27100;81.1;10.9;72.2;26.5;25.0;..;201400;164200;37200;3200;161000;147200;81.5;1.9;79.9;40.6;41.7;..
"2017M05";243300;203200;40100;11800;191400;178000;83.5;5.8;78.7;41.9;40.7;..;123600;109100;14500;6700;102400;97600;88.3;6.1;82.8;46.2;44.3;..;119600;94000;25600;5100;88900;80400;78.6;5.4;74.3;36.7;36.5;..;41800;38100;3700;7200;30900;26700;91.1;18.9;73.9;37.8;36.1;..;201500;165100;36400;4600;160500;151300;81.9;2.8;79.7;42.6;41.5;..
"2017M06";244100;204800;39300;5700;199100;176700;83.9;2.8;81.6;41.5;41.1;..;124200;109900;14300;2700;107200;98700;88.5;2.5;86.3;44.9;44.6;..;119900;94800;25100;3000;91800;78000;79.1;3.2;76.6;37.2;37.0;..;41800;41000;800;2600;38400;35400;98.1;6.3;91.9;40.1;37.9;..;202200;163700;38500;3100;160600;141300;81.0;1.9;79.4;41.9;41.9;..
"2017M07";245500;199800;45700;2300;197500;147200;81.4;1.2;80.4;41.8;41.4;..;125000;107900;17100;700;107200;84200;86.3;0.6;85.8;44.5;44.9;..;120500;91900;28600;1600;90300;63000;76.3;1.7;74.9;38.2;37.4;..;42000;36600;5400;700;35900;32000;87.1;1.9;85.5;41.7;39.0;..;203400;163100;40300;1600;161500;115300;80.2;1.0;79.4;41.9;42.0;..
"2017M08";247200;201000;46200;6000;195000;158400;81.3;3.0;78.9;40.5;39.4;..;126100;106200;19900;2400;103800;87400;84.2;2.3;82.3;43.4;42.8;..;120900;94700;26200;3500;91200;71000;78.3;3.7;75.4;37.0;35.6;..;42200;33500;8700;3200;30300;26700;79.4;9.6;71.8;33.7;31.4;..;204800;167400;37400;2700;164700;131700;81.7;1.6;80.4;41.9;40.9;..
"2017M09";248200;195500;52700;6200;189300;177600;78.8;3.2;76.3;39.3;37.8;..;126800;105000;21800;3800;101200;98100;82.8;3.6;79.8;43.1;41.7;..;121300;90500;30800;2400;88100;79600;74.6;2.7;72.6;34.6;33.3;..;42400;31500;10900;3200;28300;26200;74.3;10.2;66.7;26.7;24.3;..;205800;164000;41800;3000;161000;151500;79.7;1.8;78.2;41.5;40.2;..
"2017M10";248900;199000;49900;8300;190700;180200;80.0;4.2;76.6;40.1;38.8;..;127200;106500;20700;5600;100900;97300;83.7;5.3;79.3;43.4;42.6;..;121700;92500;29200;2700;89800;82900;76.0;2.9;73.8;36.2;34.5;..;42400;32200;10200;2000;30200;27400;75.9;6.2;71.2;28.4;26.8;..;206500;166800;39700;6300;160500;152800;80.8;3.8;77.7;42.1;41.1;..
"2017M11";249500;196200;53300;3800;192400;175600;78.6;1.9;77.1;39.1;37.9;..;127700;102100;25600;2600;99500;92300;80.0;2.5;77.9;43.1;41.8;..;121800;94100;27700;1200;92900;83300;77.3;1.3;76.3;34.7;33.8;..;42400;27800;14600;1500;26300;23200;65.6;5.4;62.0;28.1;24.7;..;207100;168400;38700;2300;166100;152400;81.3;1.4;80.2;40.8;40.0;..
"2017M12";249900;199900;50000;7500;192400;174400;80.0;3.8;77.0;37.4;38.4;..;127900;106900;21000;2300;104600;97100;83.6;2.2;81.8;41.1;42.0;..;121900;92900;29000;5200;87700;77300;76.2;5.6;71.9;32.8;34.1;..;42500;33100;9400;3900;29200;26000;77.9;11.8;68.7;28.5;25.5;..;207500;166800;40700;3600;163200;148400;80.4;2.2;78.7;39.0;40.7;..
"2018M01";250400;199700;50700;9000;190700;175000;79.8;4.5;76.2;38.4;38.3;..;128300;107700;20600;5000;102700;96300;83.9;4.6;80.0;41.8;42.4;..;122100;92000;30100;4000;88000;78700;75.3;4.3;72.1;34.1;33.5;..;42400;31700;10700;1300;30400;26100;74.8;4.1;71.7;28.6;26.4;..;208100;168100;40000;7700;160400;149000;80.8;4.6;77.1;40.0;40.5;..
"2018M02";251100;192900;58200;5100;187800;175000;76.8;2.6;74.8;38.8;38.7;..;128600;103600;25000;3400;100200;95100;80.6;3.3;77.9;43.2;43.2;..;122500;89300;33200;1700;87600;79900;72.9;1.9;71.5;33.5;33.5;..;42400;27700;14700;1600;26100;23900;65.3;5.8;61.6;28.6;26.8;..;208700;165200;43500;3500;161700;151200;79.2;2.1;77.5;40.4;40.6;..
"2018M03";251400;199400;52000;4900;194500;181400;79.3;2.5;77.4;38.7;38.8;..;128700;106600;22100;3100;103500;98700;82.8;2.9;80.4;42.1;42.9;..;122600;92700;29900;1800;90900;82700;75.6;1.9;74.1;34.5;34.1;..;42300;31500;10800;1700;29800;26900;74.5;5.4;70.4;31.6;30.2;..;209000;167800;41200;3200;164600;154500;80.3;1.9;78.8;39.9;40.3;..
"2018M04";251600;200800;50800;9700;191100;179200;79.8;4.8;76.0;39.5;39.6;..;128900;108400;20500;5100;103300;97700;84.1;4.7;80.1;44.3;44.1;..;122700;92400;30300;4600;87800;81400;75.3;5.0;71.6;33.8;34.3;..;42200;32600;9600;2900;29700;25500;77.3;8.9;70.4;33.0;28.8;..;209400;168200;41200;6800;161400;153700;80.3;4.0;77.1;40.6;41.6;..
"2018M05";252100;205200;46900;9200;196000;179100;81.4;4.5;77.7;39.9;40.0;..;129200;110500;18700;6100;104400;97500;85.5;5.5;80.8;43.7;43.8;..;122900;94700;28200;3100;91600;81600;77.1;3.3;74.5;35.3;35.7;..;42200;36200;6000;5800;30400;26900;85.8;16.0;72.0;33.8;35.7;..;210000;169000;41000;3400;165600;152300;80.5;2.0;78.9;41.0;40.8;..
"2018M06";253000;208600;44400;6200;202400;176400;82.5;3.0;80.0;41.7;40.7;..;129700;113900;15800;2900;111000;98900;87.8;2.5;85.6;44.7;44.1;..;123400;94700;28700;3300;91400;77600;76.7;3.5;74.1;37.9;36.5;..;42200;38500;3700;2200;36300;34500;91.2;5.7;86.0;38.6;36.6;..;210800;170100;40700;4000;166100;142000;80.7;2.4;78.8;42.5;41.6;..
"2018M07";253800;210100;43700;6100;204000;151200;82.8;2.9;80.4;42.5;40.9;..;130100;113900;16200;2500;111400;85500;87.5;2.2;85.6;45.9;44.6;..;123700;96200;27500;3600;92600;65700;77.8;3.7;74.9;38.1;36.4;..;42300;37200;5100;2600;34600;31200;87.9;7.0;81.8;38.9;36.4;..;211400;172800;38600;3400;169400;120000;81.7;2.0;80.1;43.4;41.8;..
"2018M08";254300;205900;48400;6100;199800;163600;81.0;3.0;78.6;42.2;40.4;..;130300;109800;20500;3000;106800;91400;84.3;2.7;82.0;46.4;44.2;..;123800;95900;27900;3000;92900;72200;77.5;3.1;75.0;36.8;35.9;..;42500;35700;6800;1800;33900;28800;84.0;5.0;79.8;38.8;35.9;..;211900;170200;41700;4300;165900;134800;80.3;2.5;78.3;42.9;41.3;..
"2018M09";254800;200800;54000;3400;197400;182900;78.8;1.7;77.5;38.9;37.9;..;130700;108000;22700;2200;105800;99700;82.6;2.0;80.9;41.6;40.7;..;124100;92800;31300;1200;91600;83200;74.8;1.3;73.8;35.6;34.7;..;42500;31200;11300;1200;30000;28100;73.4;3.8;70.6;25.9;24.7;..;212400;169700;42700;2300;167400;154800;79.9;1.4;78.8;41.2;40.3;..
"2018M10";255300;202600;52700;6500;196100;183300;79.4;3.2;76.8;39.6;39.0;..;131000;108300;22700;1500;106800;100300;82.7;1.4;81.5;42.8;42.0;..;124300;94300;30000;5000;89300;83000;75.9;5.3;71.8;35.6;35.4;..;42400;31000;11400;2700;28300;26400;73.1;8.7;66.7;27.4;25.6;..;213000;171700;41300;3900;167800;156900;80.6;2.3;78.8;41.6;41.2;..
"2018M11";256100;202700;53400;6900;195800;185800;79.1;3.4;76.5;38.6;38.4;..;131500;105700;25800;5300;100400;96600;80.4;5.0;76.3;42.3;42.2;..;124500;96900;27600;1500;95400;89200;77.8;1.5;76.6;34.5;34.3;..;42300;31900;10400;2300;29600;26900;75.4;7.2;70.0;28.6;27.7;..;213600;170700;42900;4600;166100;158900;79.9;2.7;77.8;40.3;40.3;..
"2018M12";256300;198300;58000;3000;195300;167500;77.4;1.5;76.2;36.1;38.0;..;131600;108300;23300;1800;106500;93100;82.3;1.7;80.9;38.7;41.5;..;124600;89900;34700;1200;88700;74400;72.2;1.3;71.2;33.0;33.8;..;42400;30100;12300;700;29400;25800;71.0;2.3;69.3;27.7;24.3;..;213900;168200;45700;2300;165900;141800;78.6;1.4;77.6;37.7;40.4;..
"2019M01";256700;205100;51600;7000;198100;178000;79.9;3.4;77.2;38.0;38.3;..;131800;108900;22900;4500;104400;95100;82.6;4.1;79.2;40.9;41.6;..;124900;96200;28700;2500;93700;82900;77.0;2.6;75.0;34.7;34.6;..;42300;31300;11000;3400;27900;24600;74.0;10.9;66.0;28.9;25.9;..;214400;173700;40700;3600;170100;153500;81.0;2.1;79.3;39.5;40.3;..
"2019M02";257100;196900;60200;7300;189600;172500;76.6;3.7;73.7;38.6;37.3;..;132100;107100;25000;5500;101600;95100;81.1;5.1;76.9;41.1;40.3;..;125100;89900;35200;1800;88100;77400;71.9;2.0;70.4;35.4;33.8;..;42400;28800;13600;2500;26300;23400;67.9;8.7;62.0;24.8;21.5;..;214800;168200;46600;4800;163400;149100;78.3;2.9;76.1;40.7;39.8;..
"2019M03";257400;206000;51400;7000;199000;185300;80.0;3.4;77.3;39.8;39.0;..;132200;109600;22600;4600;105000;99000;82.9;4.2;79.4;43.8;43.3;..;125100;96300;28800;2300;94000;86400;77.0;2.4;75.1;35.3;34.2;..;42300;33600;8700;1000;32600;29300;79.4;3.0;77.1;29.4;27.2;..;215100;172400;42700;6000;166400;156000;80.1;3.5;77.4;41.8;41.3;..
"2019M04";257400;208900;48500;9100;199800;181900;81.2;4.4;77.6;37.5;39.1;..;132300;114200;18100;5800;108400;101700;86.3;5.1;81.9;40.5;42.3;..;125000;94700;30300;3300;91400;80100;75.8;3.5;73.1;33.7;35.3;..;42100;34800;7300;4700;30100;25800;82.7;13.5;71.5;27.8;26.4;..;215200;174000;41200;4400;169600;156100;80.9;2.5;78.8;39.1;41.4;..
"2019M05";257300;207100;50200;13700;193400;177500;80.5;6.6;75.2;40.7;40.1;..;132200;112900;19300;9400;103500;97500;85.4;8.3;78.3;44.0;43.5;..;125100;94100;31000;4300;89800;80000;75.2;4.6;71.8;36.7;36.1;..;41900;35400;6500;5200;30200;27600;84.5;14.7;72.1;33.5;32.8;..;215400;171700;43700;8600;163100;149900;79.7;5.0;75.7;42.0;41.4;..
"2019M06";257900;214000;43900;7200;206800;182500;83.0;3.4;80.2;40.7;40.1;..;132400;114000;18400;3000;111000;100900;86.1;2.6;83.8;43.3;43.6;..;125300;99900;25400;4200;95700;81600;79.7;4.2;76.4;37.6;36.1;..;41900;39500;2400;2000;37500;36300;94.3;5.1;89.5;38.2;36.4;..;216000;174500;41500;5200;169300;146200;80.8;3.0;78.4;41.4;40.9;..
"2019M07";258100;211100;47000;5800;205300;143700;81.8;2.7;79.5;41.6;40.3;..;132500;112700;19800;3200;109500;81600;85.1;2.8;82.6;45.3;43.8;..;125700;98500;27200;2600;95900;62100;78.4;2.6;76.3;36.7;36.3;..;42000;38600;3400;1600;37000;32100;91.9;4.1;88.1;37.0;35.0;..;216100;172500;43600;4200;168300;111600;79.8;2.4;77.9;43.0;41.4;..
"2019M08";258400;200900;57500;9600;191300;153500;77.7;4.8;74.0;40.9;40.6;..;132500;108100;24400;5800;102300;87000;81.6;5.4;77.2;44.5;44.4;..;125800;92700;33100;3800;88900;66500;73.7;4.1;70.7;36.2;36.1;..;41900;31400;10500;3600;27800;24300;74.9;11.5;66.3;35.5;32.7;..;216400;169400;47000;6000;163400;129100;78.3;3.5;75.5;42.0;41.9;..
"2019M09";258800;202500;56300;6900;195600;179400;78.2;3.4;75.6;39.9;38.7;..;132700;108300;24400;2000;106300;98600;81.6;1.8;80.1;43.8;42.7;..;126000;94200;31800;4900;89300;80800;74.8;5.2;70.9;35.0;34.0;..;42000;28300;13700;2200;26100;24800;67.4;7.8;62.1;26.5;26.1;..;216800;174200;42600;4700;169500;154600;80.4;2.7;78.2;42.0;40.7;..
"2019M10";259300;206000;53300;7600;198400;181500;79.4;3.7;76.5;39.8;38.5;..;133100;109500;23600;4600;104900;96800;82.3;4.2;78.8;43.3;42.2;..;126300;96500;29800;3000;93500;84700;76.4;3.1;74.0;35.9;34.4;..;42100;30300;11800;3100;27200;23900;72.0;10.2;64.6;29.0;27.0;..;217400;175800;41600;4600;171200;157600;80.9;2.6;78.7;41.5;40.3;..
"2019M11";259600;195900;63700;6900;189000;177900;75.5;3.5;72.8;39.8;39.0;..;133200;105200;28000;4500;100700;96600;79.0;4.3;75.6;43.1;42.8;..;126500;90800;35700;2400;88400;81300;71.8;2.6;69.9;35.9;34.6;..;42000;25600;16400;3800;21800;20600;61.0;14.8;51.9;24.7;25.7;..;217600;170300;47300;3100;167200;157300;78.3;1.8;76.8;41.8;40.7;..
"2019M12";259800;201300;58500;7700;193600;166800;77.5;3.8;74.5;36.7;38.5;..;133400;108500;24900;4200;104300;87200;81.3;3.9;78.2;39.9;42.8;..;126500;92900;33600;3600;89300;79600;73.4;3.9;70.6;33.2;33.6;..;42100;29800;12300;2200;27600;23400;70.8;7.4;65.6;31.3;27.2;..;217800;171600;46200;5600;166000;143400;78.8;3.3;76.2;37.6;40.4;..
"2020M01";260200;204400;55800;8400;196000;177800;78.6;4.1;75.3;37.3;37.9;..;133400;109100;24300;3800;105300;96400;81.8;3.5;78.9;40.2;41.2;..;126700;95200;31500;4600;90600;81400;75.1;4.8;71.5;33.7;34.1;..;42000;27300;14700;2200;25100;21900;65.0;8.1;59.8;25.7;23.1;..;218100;177000;41100;6200;170800;155900;81.2;3.5;78.3;38.9;40.1;..
"2020M02";260600;198100;62500;11800;186300;170800;76.0;6.0;71.5;38.6;37.6;..;133700;105500;28200;6700;98800;93300;78.9;6.4;73.9;42.0;41.3;..;126900;92600;34300;5100;87500;77400;73.0;5.5;69.0;34.5;33.5;..;42100;27100;15000;3800;23300;20600;64.4;14.0;55.3;24.0;21.3;..;218500;171000;47500;8000;163000;150100;78.3;4.7;74.6;40.6;39.9;..
"2020M03";260700;198000;62700;5600;192400;173600;75.9;2.8;73.8;37.6;38.0;..;133700;106000;27700;2900;103100;92500;79.3;2.7;77.1;41.9;41.6;..;126900;91900;35000;2600;89300;81100;72.4;2.8;70.4;32.7;33.8;..;42000;29100;12900;1000;28100;24900;69.3;3.4;66.9;28.2;25.1;..;218700;168900;49800;4600;164300;148600;77.2;2.7;75.1;39.2;40.2;..
"2020M04";260800;192200;68600;15100;177100;163800;73.7;7.9;67.9;34.0;38.4;..;133800;105300;28500;7400;97900;93300;78.7;7.0;73.2;36.2;40.6;..;127100;86900;40200;7700;79200;70600;68.4;8.9;62.3;31.0;35.5;..;41900;26900;15000;7000;19900;18000;64.2;26.0;47.5;23.7;25.9;..;218900;165300;53600;8100;157200;145800;75.5;4.9;71.8;35.2;39.9;..
"2020M05";261100;206800;54300;23500;183300;171000;79.2;11.4;70.2;37.1;38.2;..;133800;111400;22400;13000;98400;94700;83.3;11.7;73.5;39.9;41.4;..;127200;95300;31900;10400;84900;76300;74.9;10.9;66.7;33.5;34.5;..;41900;37000;4900;9300;27700;24700;88.3;25.1;66.1;26.9;29.7;..;219100;169700;49400;14100;155600;146300;77.5;8.3;71.0;38.8;39.7;..
"2020M06";261100;213200;47900;8800;204400;181400;81.7;4.1;78.3;38.9;39.8;..;133800;114200;19600;4900;109300;100900;85.4;4.3;81.7;41.6;43.0;..;127400;99000;28400;3900;95100;80500;77.7;3.9;74.6;35.7;36.1;..;41900;37800;4100;2000;35800;33600;90.2;5.3;85.4;37.2;36.3;..;219300;175400;43900;6800;168600;147800;80.0;3.9;76.9;39.4;40.5;..
"2020M07";261000;210500;50500;12800;197700;141700;80.7;6.1;75.7;40.8;40.0;..;133700;113200;20500;7900;105300;83700;84.7;7.0;78.8;43.1;42.9;..;127400;97300;30100;4900;92400;58000;76.4;5.0;72.5;37.5;36.6;..;41800;36500;5300;2000;34500;32300;87.3;5.5;82.5;37.1;36.0;..;219200;174000;45200;10800;163200;109300;79.4;6.2;74.5;41.9;40.8;..
"2020M08";261300;208800;52500;13700;195100;164800;79.9;6.6;74.7;38.5;39.1;..;133700;112500;21200;7500;105000;90200;84.1;6.7;78.5;41.8;42.7;..;127500;96300;31200;6200;90100;74600;75.5;6.4;70.7;34.6;35.0;..;41700;32100;9600;3000;29100;26700;77.0;9.3;69.8;33.2;32.6;..;219400;176600;42800;10600;166000;138100;80.5;6.0;75.7;39.5;40.3;..
"2020M09";261600;202800;58800;8800;194000;182700;77.5;4.3;74.2;38.6;37.7;..;133900;107800;26100;4700;103100;98700;80.5;4.4;77.0;41.7;40.7;..;127700;95000;32700;4100;90900;83900;74.4;4.3;71.2;35.1;34.4;..;41700;26700;15000;3000;23700;22200;64.0;11.2;56.8;27.0;26.1;..;219900;176100;43800;5800;170300;160400;80.1;3.3;77.4;40.3;39.4;..
"2020M10";261800;199200;62600;16400;182800;170800;76.1;8.2;69.8;39.2;38.1;..;134000;106300;27700;9600;96700;91900;79.3;9.0;72.2;42.8;41.9;..;127800;92900;34900;6800;86100;78800;72.7;7.3;67.4;35.0;33.9;..;41700;26500;15200;3000;23500;20300;63.5;11.3;56.4;26.5;24.3;..;220200;172900;47300;13500;159400;150500;78.5;7.8;72.4;40.9;40.1;..
"2020M11";262000;199300;62700;14100;185200;173100;76.1;7.1;70.7;38.7;37.4;..;134100;105000;29100;7100;97900;94600;78.3;6.8;73.0;41.9;41.5;..;127900;94300;33600;7000;87300;78500;73.7;7.4;68.3;34.7;32.8;..;41600;25500;16100;2200;23300;20000;61.3;8.6;56.0;24.8;22.0;..;220400;173800;46600;11900;161900;153100;78.9;6.8;73.5;40.5;39.6;..
"2020M12";262200;203100;59100;13500;189600;166900;77.5;6.6;72.3;35.2;37.7;..;134100;107900;26200;7600;100300;90400;80.5;7.0;74.8;37.7;40.6;..;128100;95200;32900;5900;89300;76600;74.3;6.2;69.7;32.3;34.5;..;41700;26100;15600;2400;23700;18500;62.6;9.2;56.8;27.2;26.0;..;220600;177100;43500;11100;166000;148400;80.3;6.3;75.2;36.2;39.4;..
"2021M01";262600;200100;62500;16200;183900;171800;76.2;8.1;70.0;37.9;38.1;36.3;134300;109400;24900;6900;102500;96800;81.5;6.3;76.3;41.5;41.7;39.6;128300;90700;37600;9300;81400;75000;70.7;10.3;63.4;33.4;33.5;32.0;41500;27300;14200;4700;22600;19300;65.8;17.2;54.5;25.8;24.4;24.4;221100;172800;48300;11500;161300;152500;78.2;6.7;73.0;39.5;40.1;37.9
"2021M02";262800;201400;61400;11800;189600;180300;76.6;5.9;72.1;37.2;37.1;35.8;134400;105600;28800;5600;100000;96600;78.6;5.3;74.4;41.7;40.8;40.0;128400;95800;32600;6200;89600;83700;74.6;6.5;69.8;32.1;33.0;31.0;41600;25700;15900;4400;21300;19700;61.8;17.1;51.2;23.2;22.6;22.3;221200;175800;45400;7500;168300;160600;79.5;4.3;76.1;39.0;38.9;37.5
"2021M03";262900;201700;61200;16700;185000;172000;76.7;8.3;70.4;34.3;37.2;33.0;134400;106600;27800;7400;99200;94700;79.3;6.9;73.8;36.5;40.5;35.0;128500;95100;33400;9300;85800;77200;74.0;9.8;66.8;31.6;33.3;30.4;41500;27900;13600;3500;24400;21500;67.2;12.5;58.8;23.3;24.6;22.1;221400;173800;47600;13200;160600;150500;78.5;7.6;72.5;35.9;39.1;34.6
"2021M04";262900;206700;56200;22100;184600;171700;78.6;10.7;70.2;35.0;37.3;33.7;134400;112500;21900;10200;102300;95300;83.7;9.1;76.1;38.7;41.0;37.1;128500;94200;34300;11900;82300;76500;73.3;12.6;64.0;30.4;32.5;29.3;41400;30300;11100;10900;19400;17200;73.2;36.0;46.9;25.0;24.6;23.8;221500;176400;45100;11200;165200;154600;79.6;6.3;74.6;36.2;38.8;34.8
"2021M05";263100;211000;52100;16900;194100;183000;80.2;8.0;73.8;36.2;38.2;34.9;134500;111500;23000;9200;102300;96600;82.9;8.3;76.1;40.7;42.4;39.2;128500;99400;29100;7600;91800;86400;77.4;7.6;71.4;31.2;33.6;30.0;41300;33100;8200;6100;27000;25100;80.1;18.4;65.4;28.7;28.8;27.2;221800;177900;43900;10800;167100;157900;80.2;6.1;75.3;37.4;39.7;36.1
"2021M06";263600;217900;45700;10200;207700;174900;82.7;4.7;78.8;37.7;39.4;36.2;134800;117100;17700;5600;111500;96000;86.9;4.8;82.7;40.5;42.3;38.8;128900;100900;28000;4700;96200;78900;78.3;4.7;74.6;34.3;36.1;32.9;41400;38100;3300;2600;35500;32400;92.0;6.8;85.7;35.1;36.9;33.3;222300;179900;42400;7600;172300;142500;80.9;4.2;77.5;38.4;40.0;36.9
"2021M07";264100;216400;47700;8600;207800;130600;81.9;4.0;78.7;39.7;39.8;38.2;135000;116500;18500;3500;113000;78600;86.3;3.0;83.7;41.0;42.2;39.3;129200;99900;29300;5100;94800;52000;77.3;5.1;73.4;37.8;36.9;36.6;41500;36800;4700;1400;35400;30800;88.7;3.8;85.3;36.7;36.3;34.9;222500;179500;43000;7100;172400;99800;80.7;4.0;77.5;41.0;40.7;39.5
"2021M08";264600;212100;52500;10400;201700;153300;80.2;4.9;76.2;36.4;38.7;35.0;135200;111900;23300;4900;107000;86600;82.8;4.4;79.1;39.4;42.4;37.9;129400;100200;29200;5500;94700;66700;77.4;5.5;73.2;32.4;34.4;31.1;41600;32600;9000;700;31900;27100;78.4;2.1;76.7;31.2;32.1;29.8;222900;179400;43500;9600;169800;126300;80.5;5.4;76.2;37.6;40.0;36.2
"2021M09";265800;208200;57600;5800;202400;182300;78.3;2.8;76.1;36.9;37.4;35.4;135800;107400;28400;2800;104600;96300;79.1;2.6;77.0;40.8;40.7;39.1;129900;100700;29200;2900;97800;86000;77.5;2.9;75.3;32.6;33.8;31.3;41900;29500;12400;1700;27800;25200;70.4;5.8;66.3;27.2;27.4;25.8;223700;178600;45100;4000;174600;157100;79.8;2.2;78.1;38.5;39.0;37.0
"2021M10";266500;211700;54800;11100;200600;182700;79.4;5.2;75.3;37.3;37.5;35.8;136300;114100;22200;7100;107000;100000;83.7;6.2;78.5;41.3;41.0;39.5;130200;97600;32600;4000;93600;82700;75.0;4.1;71.9;32.5;33.5;31.3;42200;31700;10500;2600;29100;24900;75.1;8.2;69.0;26.6;24.9;25.2;224300;180000;44300;8500;171500;157700;80.2;4.7;76.5;39.0;39.7;37.5
"2021M11";266900;211100;55800;6700;204400;185600;79.1;3.2;76.6;36.4;36.6;34.9;136700;115200;21500;4100;111100;101600;84.3;3.6;81.3;40.4;40.7;38.7;130300;95900;34400;2600;93300;84000;73.6;2.7;71.6;31.5;31.7;30.3;42200;30900;11300;1100;29800;27700;73.2;3.6;70.6;23.3;22.1;22.1;224700;180200;44500;5600;174600;157900;80.2;3.1;77.7;38.9;39.3;37.3
"2021M12";267100;208800;58300;8900;199900;168600;78.2;4.3;74.8;33.7;38.1;32.3;136800;107900;28900;5400;102500;88000;78.9;5.0;74.9;36.7;41.7;35.2;130500;101000;29500;3600;97400;80600;77.4;3.6;74.6;30.3;34.3;29.2;42200;29900;12300;3000;26900;23200;70.9;10.0;63.7;26.6;28.7;25.4;224900;178900;46000;5900;173000;145500;79.5;3.3;76.9;34.8;39.6;33.5
"2022M01";267500;212100;55400;6900;205200;173100;79.3;3.3;76.7;35.8;37.4;34.4;136900;115600;21300;3500;112100;94700;84.4;3.0;81.9;39.4;41.0;37.8;130600;96500;34100;3400;93100;78400;73.9;3.5;71.3;31.5;32.9;30.2;42200;28500;13700;2800;25700;20500;67.5;9.8;60.9;26.8;26.5;25.3;225400;183700;41700;4100;179600;152600;81.5;2.2;79.7;37.1;39.0;35.7
"2022M02";267900;216500;51400;8800;207700;177300;80.8;4.1;77.5;35.7;36.8;34.3;137100;112000;25100;3000;109000;93000;81.7;2.7;79.5;39.4;41.3;37.9;130700;104500;26200;5800;98700;84300;80.0;5.6;75.5;31.5;31.9;30.4;42100;32200;9900;2400;29800;26000;76.5;7.5;70.8;24.6;25.1;23.5;225600;184100;41500;6300;177800;151300;81.6;3.4;78.8;37.6;38.8;36.1
"2022M03";267800;212300;55500;9500;202800;182600;79.3;4.5;75.7;36.3;37.1;35.0;137100;111500;25600;6000;105500;97100;81.3;5.4;77.0;40.1;40.9;38.6;130600;100700;29900;3500;97200;85500;77.1;3.5;74.4;31.9;32.9;30.8;42100;32300;9800;3900;28400;25400;76.7;12.1;67.5;25.8;24.6;24.9;225700;180000;45700;5600;174400;157100;79.8;3.1;77.3;38.0;39.1;36.6
"2022M04";268100;211400;56700;7800;203600;172500;78.9;3.7;75.9;33.7;37.5;32.4;137300;115300;22000;4500;110800;93500;84.0;3.9;80.7;36.8;41.0;35.3;130700;96100;34600;3300;92800;79000;73.5;3.4;71.0;30.0;33.3;28.9;42000;30100;11900;5000;25100;21700;71.7;16.6;59.8;24.5;26.8;23.4;226100;181300;44800;2800;178500;150700;80.2;1.5;78.9;35.1;39.0;33.8
"2022M05";269000;225000;44000;12800;212200;192900;83.6;5.7;78.9;38.2;39.1;36.4;137900;119600;18300;7600;112000;103900;86.7;6.4;81.2;42.5;43.5;40.6;131100;105400;25700;5200;100200;89000;80.4;4.9;76.4;33.1;34.1;31.6;42200;36700;5500;6900;29800;28800;87.0;18.8;70.6;30.0;32.9;28.7;226900;188300;38600;5900;182400;164200;83.0;3.1;80.4;39.7;40.1;37.9
"2022M06";270300;225600;44700;6900;218700;179000;83.5;3.1;80.9;36.2;39.1;34.6;138600;120200;18400;5900;114300;97400;86.7;4.9;82.5;38.0;41.4;36.4;131800;105500;26300;1000;104500;81600;80.0;0.9;79.3;33.9;36.7;32.5;42400;39100;3300;2400;36700;33300;92.2;6.1;86.6;34.2;36.6;32.4;227900;186500;41400;4500;182000;145700;81.8;2.4;79.9;36.8;39.8;35.3
"2022M07";270700;221000;49700;7000;214000;133200;81.6;3.2;79.1;38.3;39.2;36.9;138600;117400;21200;3000;114400;74300;84.7;2.6;82.5;41.2;41.9;39.5;132000;103600;28400;3900;99700;58900;78.5;3.8;75.5;34.7;36.1;33.6;42100;36600;5500;200;36400;31200;86.9;0.5;86.5;37.1;35.6;35.2;228600;184400;44200;6800;177600;102000;80.7;3.7;77.7;38.8;40.0;37.5
"2022M08";272200;219800;52400;7800;212000;160400;80.7;3.5;77.9;37.3;38.8;35.8;139500;115500;24000;3100;112400;86400;82.8;2.7;80.6;39.9;41.1;38.3;132500;104100;28400;4600;99500;74000;78.6;4.4;75.1;34.2;36.2;32.8;42900;36600;6300;2700;33900;30300;85.3;7.4;79.0;33.4;32.5;31.3;229000;183000;46000;5000;178000;130100;79.9;2.7;77.7;38.3;40.1;36.9
"2022M09";273000;215400;57600;5500;209900;186900;78.9;2.6;76.9;36.4;37.1;34.8;140100;115800;24300;4100;111700;101800;82.7;3.5;79.7;40.1;40.5;38.3;132900;99600;33300;1400;98200;85200;74.9;1.4;73.9;31.9;33.3;30.7;43200;30600;12600;900;29700;24900;70.8;2.9;68.8;23.4;24.5;22.4;229800;184800;45000;4600;180200;162100;80.4;2.5;78.4;38.4;39.3;36.8
"2022M10";274300;219700;54600;5800;213900;192900;80.1;2.6;78.0;35.9;37.6;34.4;140800;116900;23900;4400;112500;102900;83.0;3.8;79.9;38.3;40.5;36.7;133500;102800;30700;1400;101400;90000;77.0;1.4;76.0;33.1;34.5;31.9;43500;32300;11200;2100;30200;28300;74.3;6.5;69.4;26.4;26.8;25.2;230800;187400;43400;3700;183700;164600;81.2;2.0;79.6;37.6;39.5;36.1
"2022M11";274900;225500;49400;9000;216500;196000;82.0;4.0;78.8;37.2;37.3;35.7;141300;120100;21200;4900;115200;107400;85.0;4.1;81.5;39.7;40.2;37.9;133700;105500;28200;4100;101400;88600;78.9;3.9;75.8;34.2;34.0;32.9;43600;35400;8200;2100;33300;30200;81.2;5.9;76.4;25.5;25.6;24.3;231500;190200;41300;6900;183300;165800;82.2;3.6;79.2;39.4;39.4;37.8
"2022M12";275700;217200;58500;6100;211100;178400;78.8;2.8;76.6;34.4;37.5;33.1;141700;113600;28100;4200;109400;93900;80.2;3.7;77.2;37.6;41.4;36.0;133900;103500;30400;1900;101600;84500;77.3;1.8;75.9;30.9;33.4;29.7;43700;31100;12600;1300;29800;24900;71.2;4.2;68.2;26.5;27.4;25.0;232000;186100;45900;4800;181300;153400;80.2;2.6;78.1;35.8;39.3;34.4
"2023M01";276100;225100;51000;6900;218200;191700;81.5;3.1;79.0;36.9;37.2;35.4;141900;124100;17800;4000;120100;108200;87.5;3.2;84.6;39.7;40.4;38.0;134300;101000;33300;2900;98100;83500;75.2;2.9;73.0;33.3;33.3;32.0;43500;33100;10400;2800;30300;25900;76.1;8.5;69.7;26.1;26.0;24.5;232600;192000;40600;4100;187900;165800;82.5;2.1;80.8;38.7;39.1;37.1
"2023M02";276700;217800;58900;10600;207200;188800;78.7;4.9;74.9;37.4;37.6;35.7;142300;115100;27200;7700;107400;101200;80.9;6.7;75.5;40.5;41.0;38.6;134500;102800;31700;3000;99800;87500;76.4;2.9;74.2;33.8;33.9;32.4;43700;30300;13400;4000;26300;23800;69.3;13.2;60.2;28.4;26.9;26.7;233100;187500;45600;6600;180900;165000;80.4;3.5;77.6;38.7;39.2;37.0
"2023M03";277300;219400;57900;7300;212100;188500;79.1;3.3;76.5;36.6;37.0;35.3;142700;117900;24800;5700;112200;101200;82.6;4.8;78.6;40.3;40.6;38.9;134700;101600;33100;1600;100000;87400;75.4;1.6;74.2;32.3;32.9;31.0;43700;33300;10400;1500;31800;24900;76.2;4.5;72.8;25.6;23.8;24.6;233800;186300;47500;5900;180400;163600;79.7;3.2;77.2;38.4;39.3;37.0
"2023M04";277900;224600;53300;6700;217900;193700;80.8;3.0;78.4;33.1;37.0;31.8;143000;119300;23700;4000;115300;103800;83.4;3.4;80.6;35.9;40.5;34.6;134900;105300;29600;2700;102600;89900;78.1;2.6;76.1;29.9;33.2;28.7;43700;31600;12100;2900;28700;25400;72.3;9.2;65.7;23.5;25.8;22.4;234100;192900;41200;3700;189200;168300;82.4;1.9;80.8;34.6;38.8;33.3
"2023M05";278400;225500;52900;12500;213000;188400;81.0;5.5;76.5;35.9;38.6;34.5;143300;120700;22600;7200;113500;103400;84.2;6.0;79.2;38.8;42.5;37.4;135000;104700;30300;5200;99500;85000;77.6;5.0;73.7;32.3;34.2;31.1;43700;36200;7500;6000;30200;26400;82.8;16.6;69.1;29.2;32.0;27.5;234600;189200;45400;6400;182800;162000;80.6;3.4;77.9;37.0;39.8;35.7
"2023M06";279600;234600;45000;4900;229700;189100;83.9;2.1;82.2;38.0;39.3;36.4;144000;128000;16000;4100;123900;105300;88.9;3.2;86.0;41.4;42.9;39.6;135500;106500;29000;700;105800;83800;78.6;0.7;78.1;33.8;35.1;32.5;43900;40000;3900;1900;38100;34200;91.1;4.8;86.8;36.4;37.5;34.4;235600;194500;41100;3000;191500;154800;82.6;1.5;81.3;38.4;39.8;36.9
"2023M07";280100;231000;49100;5600;225400;133300;82.5;2.4;80.5;37.9;39.9;36.3;144300;124000;20300;2600;121400;77900;85.9;2.1;84.1;40.9;42.5;39.2;135900;107100;28800;3100;104000;55400;78.8;2.9;76.5;33.6;36.8;32.3;44200;39800;4400;2800;37000;30900;90.0;7.0;83.7;35.8;37.1;34.1;236000;191300;44700;2900;188400;102400;81.1;1.5;79.8;38.5;40.4;37.0
"2023M08";280900;231100;49800;7400;223700;175400;82.3;3.2;79.6;37.4;38.3;35.8;144700;122800;21900;3300;119500;96300;84.9;2.7;82.6;40.5;41.3;38.7;136100;108200;27900;4100;104100;79100;79.5;3.8;76.5;33.6;34.9;32.2;44300;36800;7500;1200;35600;33200;83.1;3.3;80.4;31.4;30.2;29.6;236600;194300;42300;6200;188100;142300;82.1;3.2;79.5;38.9;40.0;37.3
"2023M09";281500;220400;61100;7500;212900;190500;78.3;3.4;75.6;36.8;37.7;35.1;145100;118400;26700;5000;113400;99200;81.6;4.2;78.2;39.3;40.9;37.5;136400;102100;34300;2600;99500;91300;74.9;2.5;72.9;34.0;34.0;32.5;44400;33600;10800;3400;30200;27800;75.7;10.1;68.0;27.2;27.0;25.4;237200;186900;50300;4200;182700;162700;78.8;2.2;77.0;38.6;39.6;36.9
"2023M10";281900;228900;53000;7000;221900;205800;81.2;3.1;78.7;35.3;36.8;33.8;145400;122200;23200;4300;117900;110500;84.0;3.5;81.1;39.0;40.5;37.3;136700;106800;29900;2700;104100;95300;78.1;2.5;76.2;30.9;32.6;29.7;44300;31900;12400;3400;28500;25600;72.0;10.7;64.3;22.9;24.5;21.9;237600;197000;40600;3600;193400;180200;82.9;1.8;81.4;37.0;38.6;35.5
"2023M11";282600;228700;53900;6200;222500;202600;80.9;2.7;78.7;36.8;37.6;35.1;145800;123500;22300;3400;120100;112600;84.7;2.8;82.4;39.8;40.6;38.0;136900;105200;31700;2800;102400;90000;76.8;2.7;74.8;33.0;34.0;31.5;44500;35900;8600;2100;33800;29800;80.7;5.8;76.0;24.8;25.8;23.4;238200;192900;45300;4200;188700;172900;81.0;2.2;79.2;39.1;39.9;37.3
"2023M12";283000;221800;61200;8400;213400;176200;78.4;3.8;75.4;33.6;38.9;32.3;146000;120200;25800;3800;116400;98400;82.3;3.2;79.7;36.7;42.0;35.4;137000;101600;35400;4600;97000;77700;74.2;4.5;70.8;29.5;35.1;28.3;44500;34200;10300;3300;30900;26300;76.9;9.6;69.4;26.6;28.2;25.0;238500;187600;50900;5100;182500;149900;78.7;2.7;76.5;34.8;40.7;33.6
"2024M01";283200;229800;53400;9900;219900;196600;81.1;4.3;77.6;34.2;36.7;32.7;146100;121500;24600;6600;114900;104200;83.2;5.4;78.6;37.0;39.8;35.4;137100;108300;28800;3300;105000;92400;79.0;3.0;76.6;31.0;33.3;29.7;44400;34700;9700;3000;31700;27800;78.2;8.6;71.4;22.8;22.9;21.6;238700;195000;43700;6900;188100;168800;81.7;3.5;78.8;36.1;39.1;34.6
"2024M02";283700;227000;56700;8000;219000;199900;80.0;3.5;77.2;36.1;37.2;34.6;146300;123200;23100;5100;118100;106800;84.2;4.1;80.7;38.7;39.7;37.0;137400;103800;33600;2900;100900;93100;75.5;2.8;73.4;33.2;34.3;31.8;44500;32800;11700;2400;30400;27100;73.7;7.3;68.3;26.7;27.1;25.5;239300;194200;45100;5600;188600;172800;81.2;2.9;78.8;37.7;38.9;36.1
"2024M03";284000;229500;54500;10100;219400;200900;80.8;4.4;77.3;34.0;37.1;32.6;146500;122200;24300;5200;117000;108400;83.4;4.3;79.9;36.9;40.0;35.3;137400;107200;30200;4800;102400;92500;78.0;4.5;74.5;30.5;33.7;29.5;44600;36300;8300;3000;33300;29700;81.4;8.3;74.7;24.7;25.6;23.3;239600;193300;46300;7100;186200;171200;80.7;3.7;77.7;35.5;39.2;34.2
"2024M04";284100;235500;48600;9800;225700;200500;82.9;4.2;79.4;35.4;37.5;33.8;146600;126400;20200;5700;120700;110500;86.2;4.5;82.3;38.2;40.9;36.4;137500;109100;28400;4100;105000;90000;79.3;3.8;76.4;32.0;33.6;30.6;44400;35100;9300;4800;30300;24000;79.1;13.7;68.2;27.1;26.5;25.5;239700;200400;39300;5000;195400;176500;83.6;2.5;81.5;36.6;39.2;35.0
"2024M05";284500;239000;45500;9600;229400;209100;84.0;4.0;80.6;35.6;37.9;34.0;146900;128500;18400;6200;122300;111800;87.5;4.8;83.3;38.7;40.4;36.8;137600;110500;27100;3400;107100;97300;80.3;3.1;77.8;32.1;35.0;30.8;44500;39100;5400;5700;33400;30000;87.9;14.6;75.1;31.0;30.3;29.4;240000;199900;40100;3900;196000;179100;83.3;2.0;81.7;36.5;39.4;35.0
"2024M06";285500;242400;43100;5700;236700;201000;84.9;2.4;82.9;37.5;38.9;35.7;147500;130100;17400;3600;126500;113000;88.2;2.8;85.8;40.7;41.9;38.8;138100;112400;25700;2100;110300;88000;81.4;1.9;79.9;33.3;35.4;31.7;44700;41700;3000;1800;39900;36900;93.3;4.3;89.3;34.4;35.2;32.5;240700;200700;40000;3900;196800;164100;83.4;1.9;81.8;38.2;39.7;36.5
"2024M07";286100;244500;41600;4700;239800;169300;85.5;1.9;83.8;37.5;39.1;36.1;147500;131700;15800;2400;129300;99500;89.3;1.8;87.7;40.3;42.5;38.7;138500;112700;25800;2300;110400;69800;81.4;2.0;79.7;33.4;35.1;32.3;45000;39900;5100;2000;37900;33200;88.7;5.0;84.2;36.1;36.1;34.8;241000;204500;36500;2700;201800;136100;84.9;1.3;83.7;37.8;39.6;36.4
"2024M08";286700;245300;41400;5900;239400;192100;85.6;2.4;83.5;37.1;38.7;35.5;147900;132000;15900;2800;129200;107000;89.2;2.1;87.4;40.1;41.8;38.4;138800;113300;25500;3100;110200;85100;81.6;2.7;79.4;33.2;34.9;31.7;45200;40300;4900;1200;39100;33800;89.2;3.0;86.5;32.4;32.2;30.6;241400;204900;36500;4600;200300;158300;84.9;2.2;83.0;38.0;39.9;36.5
"2024M09";287400;234200;53200;10500;223700;201600;81.5;4.5;77.8;38.8;38.5;37.4;148400;129800;18600;6000;123800;115000;87.5;4.6;83.4;41.6;41.0;40.0;139100;104400;34700;4500;99900;86700;75.1;4.3;71.8;35.1;35.3;33.9;45300;38100;7200;4600;33500;28700;84.1;12.1;74.0;27.5;24.7;26.4;242000;196000;46000;5900;190100;172900;81.0;3.0;78.6;40.8;41.0;39.2
"2024M10";287500;235600;51900;6800;228800;208000;81.9;2.9;79.6;37.0;38.2;35.4;148500;128300;20200;3200;125100;116500;86.4;2.5;84.2;40.3;41.7;38.5;139000;107300;31700;3600;103700;91500;77.2;3.4;74.6;32.7;33.9;31.4;45300;34700;10600;4000;30700;29000;76.6;11.5;67.8;26.1;27.7;24.7;242200;200900;41300;2800;198100;179100;82.9;1.4;81.8;38.8;40.0;37.2
"2024M11";287900;225500;62400;5000;220500;199900;78.3;2.2;76.6;37.9;37.2;36.2;148600;123800;24800;3500;120300;111600;83.3;2.8;81.0;40.6;39.8;38.7;139200;101700;37500;1500;100200;88300;73.1;1.5;72.0;34.5;34.2;33.1;45300;31600;13700;300;31300;25800;69.8;0.9;69.1;27.1;23.8;25.8;242600;193900;48700;4700;189200;174100;79.9;2.4;78.0;39.5;39.5;37.8
"2024M12";288000;230400;57600;8500;221900;185800;80.0;3.7;77.0;34.3;37.3;32.9;148700;127100;21600;4400;122700;106500;85.5;3.5;82.5;35.7;40.3;34.3;139300;103300;36000;4100;99200;79300;74.2;4.0;71.2;32.4;33.7;31.0;45300;37700;7600;4600;33100;26700;83.2;12.2;73.1;26.5;25.9;24.8;242700;192700;50000;3900;188800;159000;79.4;2.0;77.8;35.7;39.4;34.3
"2025M01";288100;236300;51800;12300;224000;198000;82.0;5.2;77.8;34.2;37.1;32.7;148600;125600;23000;8900;116700;103800;84.5;7.1;78.5;37.6;40.2;35.9;139400;110600;28800;3300;107300;94200;79.3;3.0;77.0;30.5;33.8;29.2;45200;37200;8000;3700;33500;28700;82.3;9.9;74.1;24.3;24.9;22.7;242800;199000;43800;8500;190500;169300;82.0;4.3;78.5;35.9;39.3;34.4
"2025M02";288500;226600;61900;13700;212900;195000;78.5;6.0;73.8;36.3;36.3;34.7;148800;122200;26600;6100;116100;108400;82.1;5.0;78.0;39.3;39.4;37.5;139600;104300;35300;7500;96800;86700;74.7;7.2;69.3;32.4;32.5;31.1;45400;37600;7800;5300;32300;28300;82.8;14.1;71.1;24.3;22.7;23.2;243100;189000;54100;8400;180600;166700;77.7;4.4;74.3;38.3;38.7;36.6
"2025M03";288400;233000;55400;8500;224500;207200;80.8;3.6;77.8;36.6;37.3;35.1;148700;124100;24600;3900;120200;112800;83.5;3.1;80.8;39.2;40.7;37.6;139700;108900;30800;4600;104300;94400;78.0;4.2;74.7;33.5;33.4;32.1;45200;35800;9400;4500;31300;28500;79.2;12.6;69.2;25.8;24.2;24.5;243200;197200;46000;4000;193200;178700;81.1;2.0;79.4;38.3;39.5;36.8
"2025M04";288600;232800;55800;9300;223500;196500;80.7;4.0;77.4;34.0;37.2;32.6;148900;122600;26300;5300;117300;107200;82.3;4.3;78.8;38.0;41.4;36.5;139700;110200;29500;4000;106200;89300;78.9;3.6;76.0;29.2;32.6;27.9;45100;37400;7700;4100;33300;28600;82.9;11.0;73.8;26.1;27.4;24.6;243400;195300;48100;5100;190200;168000;80.2;2.6;78.1;35.4;38.9;33.9
"2025M05";288900;237700;51200;10700;227000;207100;82.3;4.5;78.6;34.8;37.5;33.1;149000;127300;21700;5800;121500;111500;85.4;4.6;81.5;36.9;40.1;34.9;139900;110400;29500;4900;105500;95600;78.9;4.4;75.4;32.4;34.5;31.1;45200;40400;4800;3900;36500;32700;89.4;9.7;80.8;26.2;29.9;24.9;243600;197300;46300;6800;190500;174300;81.0;3.4;78.2;36.4;39.0;34.7
"2025M06";289400;246400;43000;5400;241000;206200;85.1;2.2;83.3;36.6;38.9;34.9;149100;130900;18200;2600;128300;114100;87.8;2.0;86.0;39.3;41.9;37.6;140200;115400;24800;2800;112600;92100;82.3;2.4;80.3;33.2;35.5;31.7;45300;41700;3600;1200;40500;36100;92.1;2.9;89.4;35.9;35.8;34.1;244100;204700;39400;4200;200500;170000;83.9;2.1;82.1;36.7;39.6;35.1
"2025M07";290200;240800;49400;7800;233000;170300;83.0;3.2;80.3;37.4;39.4;35.7;149600;130100;19500;4600;125500;97700;87.0;3.5;83.9;39.2;41.9;37.3;140600;110700;29900;3200;107500;72700;78.7;2.9;76.5;35.0;36.4;33.7;45700;42500;3200;900;41600;37500;93.0;2.1;91.0;36.2;37.2;34.1;244500;198300;46200;6900;191400;132800;81.1;3.5;78.3;37.8;39.8;36.2
"2025M08";291300;241700;49600;12800;228900;193300;83.0;5.3;78.6;34.8;39.1;31.7;150000;128900;21100;8300;120600;106300;85.9;6.4;80.4;36.9;40.8;34.1;141200;112800;28400;4500;108300;87000;79.9;4.0;76.7;32.4;36.9;29.0;46000;37400;8600;3900;33500;31000;81.3;10.4;72.8;26.2;33.2;24.3;245200;204200;41000;8800;195400;162300;83.3;4.3;79.7;36.5;40.0;33.1
"2025M09";291100;235700;55400;7500;228200;211200;81.0;3.2;78.4;36.1;38.0;33.3;149900;127700;22200;4100;123600;117500;85.2;3.2;82.5;39.4;40.3;36.0;141000;107900;33100;3300;104600;93700;76.5;3.1;74.2;32.2;35.1;30.0;45900;36300;9600;3300;33000;28300;79.1;9.1;71.9;24.3;24.6;21.1;245200;199400;45800;4200;195200;183000;81.3;2.1;79.6;37.9;40.0;35.3
"2025M10";291300;235500;55800;10300;225200;204500;80.8;4.4;77.3;34.3;36.4;32.1;150200;126600;23600;3800;122800;113400;84.3;3.0;81.8;37.6;38.9;35.3;141100;108900;32200;6400;102500;91100;77.2;5.9;72.6;30.3;33.0;28.2;45800;34100;11700;2300;31800;29000;74.5;6.7;69.4;19.9;20.8;18.4;245500;201400;44100;8000;193400;175500;82.0;4.0;78.8;36.8;39.0;34.4
"2025M11";292000;233100;58900;15100;218000;199900;79.8;6.5;74.7;36.2;36.8;33.5;150600;124400;26200;7500;116900;110000;82.6;6.0;77.6;38.1;37.7;35.3;141400;108700;32700;7600;101100;89900;76.9;7.0;71.5;33.9;35.8;31.3;45900;34500;11400;4300;30200;26300;75.2;12.5;65.8;28.3;26.5;26.1;246000;198500;47500;10800;187700;173600;80.7;5.4;76.3;37.5;38.3;34.8
"2025M12";292100;231700;60400;9800;221900;196600;79.3;4.2;76.0;32.4;37.9;29.5;150700;124000;26700;5300;118700;106500;82.3;4.3;78.8;35.1;40.6;32.0;141300;107600;33700;4500;103100;90100;76.2;4.2;73.0;29.2;34.4;26.7;46000;35300;10700;3800;31500;28300;76.7;10.8;68.5;27.0;31.3;24.1;246100;196400;49700;6000;190400;168300;79.8;3.1;77.4;33.4;38.9;30.6
